speaker_first_name,speaker_last_name,speaker_title,company_name,speaker_linkedin,talk_title,event_name,event_date,event_location,website,city,state,category,source_url
From,Emerging Funds to Industry Giants,Every Type of Manager,Every Type of Manager,,,Global Alts New York 2026,September 2026 (TBC),New York,,,,speaker,https://iconnections.io
The,Ecosystem Powering Alternatives,The full network of service providers that support fund managers and allocators across the alternatives industry.,Plus the Service Providers Powering Alternatives,,,Global Alts New York 2026,September 2026 (TBC),New York,,,,speaker,https://iconnections.io
Global,Alts Asia,,"November 16–18, 2026",,,Global Alts New York 2026,September 2026 (TBC),New York,,,,speaker,https://iconnections.io
Global,Alts Miami,,"February 22–25, 2027",,,Global Alts New York 2026,September 2026 (TBC),New York,,,,speaker,https://iconnections.io
Global,Alts Europe,,"April 28–29, 2027",,,Global Alts New York 2026,September 2026 (TBC),New York,,,,speaker,https://iconnections.io
Global,Alts New York,,"June 08–09, 2027",,,Global Alts New York 2026,September 2026 (TBC),New York,,,,speaker,https://iconnections.io
Coffee,& Connections,,"Morning networking sessions in major financial centers. Informal, high-signal",,,Global Alts New York 2026,September 2026 (TBC),New York,,,,speaker,https://iconnections.io
Roundtables,& Breakfasts,,"Curated small-group discussions on specific strategies, markets, or themes,",,,Global Alts New York 2026,September 2026 (TBC),New York,,,,speaker,https://iconnections.io
Webinars,& Thought Leadership,,"Regular virtual programming featuring allocators, managers, and industry leaders",,,Global Alts New York 2026,September 2026 (TBC),New York,,,,speaker,https://iconnections.io
Manager,Showcases,Virtual spotlights where emerging and established managers present directly to an,engaged allocator audience.,,,Global Alts New York 2026,September 2026 (TBC),New York,,,,speaker,https://iconnections.io
Ask,the Allocator,Live Q&A sessions with CIOs,"portfolio managers, and allocator panels. Real",,,Global Alts New York 2026,September 2026 (TBC),New York,,,,speaker,https://iconnections.io
Capital,Introduction Platform,,,,,Global Alts New York 2026,September 2026 (TBC),New York,,,,speaker,https://iconnections.io
Capitalize,For Kids,,Investors Conference · Toronto,,,Global Alts New York 2026,September 2026 (TBC),New York,,,,speaker,https://iconnections.io
Featured,speakers include,Managing Partner and Co-Chief Executive Officer,ACORE Capital,,,Private Debt Investor New York Forum 2026,"September 15–16, 2026",New York,,,,speaker,https://www.peievents.com/en/speaker
Warren,de Haan,Managing Partner and Co-Chief Executive Officer,ACORE Capital,,,Private Debt Investor New York Forum 2026,"September 15–16, 2026",New York,,,,speaker,https://www.peievents.com/en/speaker
Bert,van den Hoek,Head of New York,Bouwinvest,,,Private Debt Investor New York Forum 2026,"September 15–16, 2026",New York,,,,speaker,https://www.peievents.com/en/speaker
Mark,Gabbay,Global CEO,LaSalle Investment Management,,,Private Debt Investor New York Forum 2026,"September 15–16, 2026",New York,,,,speaker,https://www.peievents.com/en/speaker
Michael,Hunter,Global Head of Real Estate Alternatives and Strategic Transactions,Nuveen Real Estate,,,Private Debt Investor New York Forum 2026,"September 15–16, 2026",New York,,,,speaker,https://www.peievents.com/en/speaker
Amy,Johannes,Managing Director,Oaktree,,,Private Debt Investor New York Forum 2026,"September 15–16, 2026",New York,,,,speaker,https://www.peievents.com/en/speaker
JR,Pearce,,"Senior Investment Officer, Sacramento County Employees’ Retirement System SCERS",,,Private Debt Investor New York Forum 2026,"September 15–16, 2026",New York,,,,speaker,https://www.peievents.com/en/speaker
Laurie,Smith,Chief Investment Officer,Blue Vista,,,Private Debt Investor New York Forum 2026,"September 15–16, 2026",New York,,,,speaker,https://www.peievents.com/en/speaker
Michael,Acton,Michael  Acton,"Managing Director, Head of Research, AEW",,,Private Debt Investor New York Forum 2026,"September 15–16, 2026",New York,,,,speaker,https://www.peievents.com/en/speaker
Gina,Baker Chambers,Principal and Portfolio Manager,Artemis Real Estate Partners,,,Private Debt Investor New York Forum 2026,"September 15–16, 2026",New York,,,,speaker,https://www.peievents.com/en/speaker
Michael,Bego,Managing Partner,"Founder, Kline Hill Partners",,,Private Debt Investor New York Forum 2026,"September 15–16, 2026",New York,,,,speaker,https://www.peievents.com/en/speaker
Sam,Bendix,Managing Director – Equity Capital Markets & Investor Relations,Landmark Properties,,,Private Debt Investor New York Forum 2026,"September 15–16, 2026",New York,,,,speaker,https://www.peievents.com/en/speaker
Jonathan,Brasse,,Jonathan  Brasse,,,Private Debt Investor New York Forum 2026,"September 15–16, 2026",New York,,,,speaker,https://www.peievents.com/en/speaker
Julia,Butler,Managing Director,"Real Estate, KKR",,,Private Debt Investor New York Forum 2026,"September 15–16, 2026",New York,,,,speaker,https://www.peievents.com/en/speaker
Kyle,Campbell,,"Senior Reporter, PERE",,,Private Debt Investor New York Forum 2026,"September 15–16, 2026",New York,,,,speaker,https://www.peievents.com/en/speaker
David,Christie,CEO,Matter Real Estate LLP,,,Private Debt Investor New York Forum 2026,"September 15–16, 2026",New York,,,,speaker,https://www.peievents.com/en/speaker
Lisa,Davis,Executive Director and Portfolio Manager,"Impact Investing, PGIM Real Estate",,,Private Debt Investor New York Forum 2026,"September 15–16, 2026",New York,,,,speaker,https://www.peievents.com/en/speaker
Juan,DeAngulo,Managing Partner,Elion Partners,,,Private Debt Investor New York Forum 2026,"September 15–16, 2026",New York,,,,speaker,https://www.peievents.com/en/speaker
Daniel,Drabkin,Partner,Clifford Chance,,,Private Debt Investor New York Forum 2026,"September 15–16, 2026",New York,,,,speaker,https://www.peievents.com/en/speaker
Marta,Drummond,Principal,Strategic Consultant,,,Private Debt Investor New York Forum 2026,"September 15–16, 2026",New York,,,,speaker,https://www.peievents.com/en/speaker
Javier,Faus,Chairman,Meridia Capital,,,Private Debt Investor New York Forum 2026,"September 15–16, 2026",New York,,,,speaker,https://www.peievents.com/en/speaker
Rosemary,Feenan,Executive Vice President,"Research, QuadReal",,,Private Debt Investor New York Forum 2026,"September 15–16, 2026",New York,,,,speaker,https://www.peievents.com/en/speaker
Steve,Felix,Partner & Co-Founder,Felix / Weiner Consulting Group,,,Private Debt Investor New York Forum 2026,"September 15–16, 2026",New York,,,,speaker,https://www.peievents.com/en/speaker
Raphael,Fishbach,Principal,Mesa West Capital,,,Private Debt Investor New York Forum 2026,"September 15–16, 2026",New York,,,,speaker,https://www.peievents.com/en/speaker
Melissa,Gliatta,COO,Thor Equities,,,Private Debt Investor New York Forum 2026,"September 15–16, 2026",New York,,,,speaker,https://www.peievents.com/en/speaker
Raymond,Gong,Managing Director,"Real Estate, Oaktree",,,Private Debt Investor New York Forum 2026,"September 15–16, 2026",New York,,,,speaker,https://www.peievents.com/en/speaker
Lora,Gotcheva,Managing Director,"Real Estate, CPP Investment Board",,,Private Debt Investor New York Forum 2026,"September 15–16, 2026",New York,,,,speaker,https://www.peievents.com/en/speaker
Todd,Henderson,Head of Real Estate for the Americas,"Global Co-head of Real Estate Investments, DWS",,,Private Debt Investor New York Forum 2026,"September 15–16, 2026",New York,,,,speaker,https://www.peievents.com/en/speaker
Yane,Hsu,Founder & Principal,Laurea LLC,,,Private Debt Investor New York Forum 2026,"September 15–16, 2026",New York,,,,speaker,https://www.peievents.com/en/speaker
Zoe,Hughes,CEO,NAREIM,,,Private Debt Investor New York Forum 2026,"September 15–16, 2026",New York,,,,speaker,https://www.peievents.com/en/speaker
Richard,Anthony Johnson,Head of International Capital Markets,SIGNA,,,Private Debt Investor New York Forum 2026,"September 15–16, 2026",New York,,,,speaker,https://www.peievents.com/en/speaker
Mary,Lang,Head of Americas Direct Logistics Strategies and Portfolio Manager,CBRE Investment Management,,,Private Debt Investor New York Forum 2026,"September 15–16, 2026",New York,,,,speaker,https://www.peievents.com/en/speaker
Simon,Lauzier,Chief Financial and Business Performance Officer,Ivanhoé Cambridge,,,Private Debt Investor New York Forum 2026,"September 15–16, 2026",New York,,,,speaker,https://www.peievents.com/en/speaker
Heidi,Learner,Americas Head of Real Assets Research,CBRE Investment Management,,,Private Debt Investor New York Forum 2026,"September 15–16, 2026",New York,,,,speaker,https://www.peievents.com/en/speaker
Jessica,Lee,Managing Director,BentallGreenOak,,,Private Debt Investor New York Forum 2026,"September 15–16, 2026",New York,,,,speaker,https://www.peievents.com/en/speaker
Peter,Lesburg,Managing Director,"Capital Markets & Investor Relations, Realterm",,,Private Debt Investor New York Forum 2026,"September 15–16, 2026",New York,,,,speaker,https://www.peievents.com/en/speaker
Helee,Lev,,"CRO, ESG, Conservice",,,Private Debt Investor New York Forum 2026,"September 15–16, 2026",New York,,,,speaker,https://www.peievents.com/en/speaker
Michael,Levy,Chief Executive Officer,Crow Holdings,,,Private Debt Investor New York Forum 2026,"September 15–16, 2026",New York,,,,speaker,https://www.peievents.com/en/speaker
Dillon,Lorda,Portfolio Manager,AEW,,,Private Debt Investor New York Forum 2026,"September 15–16, 2026",New York,,,,speaker,https://www.peievents.com/en/speaker
Frédérick,Magnon,Senior Director,"Real Estate Investments, PSP Investments",,,Private Debt Investor New York Forum 2026,"September 15–16, 2026",New York,,,,speaker,https://www.peievents.com/en/speaker
Joe,Marconi,Managing Director,"Real Estate, Bain Capital",,,Private Debt Investor New York Forum 2026,"September 15–16, 2026",New York,,,,speaker,https://www.peievents.com/en/speaker
Derrick,McGavic,Managing Principal & Chief Investment Officer,Newport Capital Partners,,,Private Debt Investor New York Forum 2026,"September 15–16, 2026",New York,,,,speaker,https://www.peievents.com/en/speaker
Lee,Menifee,Managing Director,"Head of Americas Investment Research, PGIM Real Estate",,,Private Debt Investor New York Forum 2026,"September 15–16, 2026",New York,,,,speaker,https://www.peievents.com/en/speaker
Randy,Moss,,"Senior Team Leader, Yardi",,,Private Debt Investor New York Forum 2026,"September 15–16, 2026",New York,,,,speaker,https://www.peievents.com/en/speaker
John,Murray,Portfolio Manager,"Commercial Real Estate, PIMCO",,,Private Debt Investor New York Forum 2026,"September 15–16, 2026",New York,,,,speaker,https://www.peievents.com/en/speaker
Jerome,Nichols,President and Co-Founder,Standard Real Estate Investments,,,Private Debt Investor New York Forum 2026,"September 15–16, 2026",New York,,,,speaker,https://www.peievents.com/en/speaker
Jonathan,Pearce,Head,"Investments, Office, and Life Sciences, US, Ivanhoé Cambridge",,,Private Debt Investor New York Forum 2026,"September 15–16, 2026",New York,,,,speaker,https://www.peievents.com/en/speaker
Dmytriy,Pereklita,President & Founding Partner,DKSTUDIO ARCHITECTS,,,Private Debt Investor New York Forum 2026,"September 15–16, 2026",New York,,,,speaker,https://www.peievents.com/en/speaker
Tal,Peri,Head of U.S. East Coast and Latin America,Union Investment Real Estate GmbH,,,Private Debt Investor New York Forum 2026,"September 15–16, 2026",New York,,,,speaker,https://www.peievents.com/en/speaker
Tricia,Peterson,Managing Partner & Chief Operating Officer,Accord Group Holdings,,,Private Debt Investor New York Forum 2026,"September 15–16, 2026",New York,,,,speaker,https://www.peievents.com/en/speaker
Peter,Plaut,Executive Director,Wimmer Group,,,Private Debt Investor New York Forum 2026,"September 15–16, 2026",New York,,,,speaker,https://www.peievents.com/en/speaker
Robin,Potts,Partner and CIO,Canyon Partners,,,Private Debt Investor New York Forum 2026,"September 15–16, 2026",New York,,,,speaker,https://www.peievents.com/en/speaker
Ari,Rastegar,Founder & CEO,Rastegar,,,Private Debt Investor New York Forum 2026,"September 15–16, 2026",New York,,,,speaker,https://www.peievents.com/en/speaker
John,Rivard,Chief Investment Officer,Accesso Partners,,,Private Debt Investor New York Forum 2026,"September 15–16, 2026",New York,,,,speaker,https://www.peievents.com/en/speaker
Anthony,Ross,Managing Director,State Street,,,Private Debt Investor New York Forum 2026,"September 15–16, 2026",New York,,,,speaker,https://www.peievents.com/en/speaker
Kelly,Ryan,Partner,Kirkland & Ellis,,,Private Debt Investor New York Forum 2026,"September 15–16, 2026",New York,,,,speaker,https://www.peievents.com/en/speaker
Anthony,Santiago,Chief Operating Officer,New Empire,,,Private Debt Investor New York Forum 2026,"September 15–16, 2026",New York,,,,speaker,https://www.peievents.com/en/speaker
Neha,Santiago,Head of Real Estate Private Credit and Managing Director,Cerberus Capital Management,,,Private Debt Investor New York Forum 2026,"September 15–16, 2026",New York,,,,speaker,https://www.peievents.com/en/speaker
Sarah,Schwarzschild,Co-Head,"BGO Strategic Capital Partners, BentallGreenOak",,,Private Debt Investor New York Forum 2026,"September 15–16, 2026",New York,,,,speaker,https://www.peievents.com/en/speaker
Tyler,Seaman,Head of Hotels & Multi-Residential,"North America, Oxford Properties Group",,,Private Debt Investor New York Forum 2026,"September 15–16, 2026",New York,,,,speaker,https://www.peievents.com/en/speaker
Mike,Sebastian,Industry Principal,Appfolio Investment Management,,,Private Debt Investor New York Forum 2026,"September 15–16, 2026",New York,,,,speaker,https://www.peievents.com/en/speaker
Ryan,Simonetti,CEO & Founder,Convene,,,Private Debt Investor New York Forum 2026,"September 15–16, 2026",New York,,,,speaker,https://www.peievents.com/en/speaker
Alan,Snoddy,Managing Director,"Head of Private Markets, The Church Pension Fund",,,Private Debt Investor New York Forum 2026,"September 15–16, 2026",New York,,,,speaker,https://www.peievents.com/en/speaker
Kim,Snyder,President – West Region,Prologis,,,Private Debt Investor New York Forum 2026,"September 15–16, 2026",New York,,,,speaker,https://www.peievents.com/en/speaker
Michael,Streicker,President,Sentinel Real Estate Corporation,,,Private Debt Investor New York Forum 2026,"September 15–16, 2026",New York,,,,speaker,https://www.peievents.com/en/speaker
Dev,Subhash,Partner,StepStone,,,Private Debt Investor New York Forum 2026,"September 15–16, 2026",New York,,,,speaker,https://www.peievents.com/en/speaker
Jordan,Suppan,Managing Director,Leste Credit,,,Private Debt Investor New York Forum 2026,"September 15–16, 2026",New York,,,,speaker,https://www.peievents.com/en/speaker
Susan,Swanezy,Partner,Hodes Weill & Associate,,,Private Debt Investor New York Forum 2026,"September 15–16, 2026",New York,,,,speaker,https://www.peievents.com/en/speaker
Philip,Thomas,Managing Director,Marathon Asset Management,,,Private Debt Investor New York Forum 2026,"September 15–16, 2026",New York,,,,speaker,https://www.peievents.com/en/speaker
Peter,Tsoulogiannis,Partner,Slate Asset Management,,,Private Debt Investor New York Forum 2026,"September 15–16, 2026",New York,,,,speaker,https://www.peievents.com/en/speaker
Michael,Turner,President,Oxford Properties,,,Private Debt Investor New York Forum 2026,"September 15–16, 2026",New York,,,,speaker,https://www.peievents.com/en/speaker
Reid,Weppler,Head of Real Estate,Convene,,,Private Debt Investor New York Forum 2026,"September 15–16, 2026",New York,,,,speaker,https://www.peievents.com/en/speaker
Jacob,Werner,Senior Managing Director,"Real Estate, Blackstone",,,Private Debt Investor New York Forum 2026,"September 15–16, 2026",New York,,,,speaker,https://www.peievents.com/en/speaker
Suzanne,West,President,Epic Advisory,,,Private Debt Investor New York Forum 2026,"September 15–16, 2026",New York,,,,speaker,https://www.peievents.com/en/speaker
Leslie,Wohlman Himmel,Founder and Co-Managing Partner,Himmel + Meringoff Properties,,,Private Debt Investor New York Forum 2026,"September 15–16, 2026",New York,,,,speaker,https://www.peievents.com/en/speaker
Dadong,Yan,Portfolio Manager,"Alternative Investments, MassMutual",,,Private Debt Investor New York Forum 2026,"September 15–16, 2026",New York,,,,speaker,https://www.peievents.com/en/speaker
Dr.,Tingting Zhang,Dr. Tingting  Zhang,"Founder & Co-CEO, TerraCotta Group",,,Private Debt Investor New York Forum 2026,"September 15–16, 2026",New York,,,,speaker,https://www.peievents.com/en/speaker
Latonya,"Allen, CUDE",Chief Lending Officer,Government Printing Office Federal Credit Union,,,Private Debt Investor New York Forum 2026,"September 15–16, 2026",New York,,,,speaker,https://www.peievents.com/en/speakers-2025
Jen,Anthony,"Vice President, Think",Stack,,,Private Debt Investor New York Forum 2026,"September 15–16, 2026",New York,,,,speaker,https://www.peievents.com/en/speakers-2025
Raj,Bandaru,CIO,Kinecta FCU,,,Private Debt Investor New York Forum 2026,"September 15–16, 2026",New York,,,,speaker,https://www.peievents.com/en/speakers-2025
Jason,Bedsworth,Founder & President,CFS Insight,,,Private Debt Investor New York Forum 2026,"September 15–16, 2026",New York,,,,speaker,https://www.peievents.com/en/speakers-2025
LaSonya,"Berry, SPHR",,"CHRO, AACUC / CEO, McPherson, Berry & Associates",,,Private Debt Investor New York Forum 2026,"September 15–16, 2026",New York,,,,speaker,https://www.peievents.com/en/speakers-2025
John,Bissell,President & CEO,Greylock FCU,,,Private Debt Investor New York Forum 2026,"September 15–16, 2026",New York,,,,speaker,https://www.peievents.com/en/speakers-2025
Jennie,Boden,CEO,Quantum Governance,,,Private Debt Investor New York Forum 2026,"September 15–16, 2026",New York,,,,speaker,https://www.peievents.com/en/speakers-2025
Tomer,Borenstein,CTO & Co-Founder,BlastPoint,,,Private Debt Investor New York Forum 2026,"September 15–16, 2026",New York,,,,speaker,https://www.peievents.com/en/speakers-2025
Jim,Bouchard,Founder,The SENSEI LEADER Movement,,,Private Debt Investor New York Forum 2026,"September 15–16, 2026",New York,,,,speaker,https://www.peievents.com/en/speakers-2025
Leigh,Brady,President and Chief Executive Officer,SECU,,,Private Debt Investor New York Forum 2026,"September 15–16, 2026",New York,,,,speaker,https://www.peievents.com/en/speakers-2025
Sedric,Brinson,Sedric  Brinson,"Chairman and Co-founder, L.E.A.D Leaders Engaged in Action and Development MS",,,Private Debt Investor New York Forum 2026,"September 15–16, 2026",New York,,,,speaker,https://www.peievents.com/en/speakers-2025
Sharon,Camper,Chief People Officer,Apple FCU,,,Private Debt Investor New York Forum 2026,"September 15–16, 2026",New York,,,,speaker,https://www.peievents.com/en/speakers-2025
Tad,Carlson,VP – IT Solutions & Development,Royal Credit Union,,,Private Debt Investor New York Forum 2026,"September 15–16, 2026",New York,,,,speaker,https://www.peievents.com/en/speakers-2025
Marquis,Carroll,Chief Executive Officer,MSC Security,,,Private Debt Investor New York Forum 2026,"September 15–16, 2026",New York,,,,speaker,https://www.peievents.com/en/speakers-2025
Zach,Christensen,Director,"DEI & Digital Services, Mitchell, Stankovic & Associates",,,Private Debt Investor New York Forum 2026,"September 15–16, 2026",New York,,,,speaker,https://www.peievents.com/en/speakers-2025
Stephen,M.R. Covey,,"Bestselling Author, Trust & Inspire",,,Private Debt Investor New York Forum 2026,"September 15–16, 2026",New York,,,,speaker,https://www.peievents.com/en/speakers-2025
Justin,Crawley,,Justin   Crawley,,,Private Debt Investor New York Forum 2026,"September 15–16, 2026",New York,,,,speaker,https://www.peievents.com/en/speakers-2025
Dohnia,Dorman,Chief Experience Officer,African-American Credit Union Coalition,,,Private Debt Investor New York Forum 2026,"September 15–16, 2026",New York,,,,speaker,https://www.peievents.com/en/speakers-2025
Peter,Duffy,Managing Director of Merger Advisory Services,SRM,,,Private Debt Investor New York Forum 2026,"September 15–16, 2026",New York,,,,speaker,https://www.peievents.com/en/speakers-2025
Nick,Evens,President & CEO,"Curql Collective, LLC",,,Private Debt Investor New York Forum 2026,"September 15–16, 2026",New York,,,,speaker,https://www.peievents.com/en/speakers-2025
Deborah,Fears,President & CEO,Chicago Post Office Employees CU,,,Private Debt Investor New York Forum 2026,"September 15–16, 2026",New York,,,,speaker,https://www.peievents.com/en/speakers-2025
John,Felton,CEO,Southern Chautauqua Federal Credit Union,,,Private Debt Investor New York Forum 2026,"September 15–16, 2026",New York,,,,speaker,https://www.peievents.com/en/speakers-2025
Juan,Fernandez,President & CEO,Louisiana Credit Union League,,,Private Debt Investor New York Forum 2026,"September 15–16, 2026",New York,,,,speaker,https://www.peievents.com/en/speakers-2025
Eric,Fifield,Chief Revenue Officer,EFG Companies,,,Private Debt Investor New York Forum 2026,"September 15–16, 2026",New York,,,,speaker,https://www.peievents.com/en/speakers-2025
Nash,Fung,,Magician & Keynote Speaker,,,Private Debt Investor New York Forum 2026,"September 15–16, 2026",New York,,,,speaker,https://www.peievents.com/en/speakers-2025
Tamra,Gaines,President,Tamra Gaines & Associates,,,Private Debt Investor New York Forum 2026,"September 15–16, 2026",New York,,,,speaker,https://www.peievents.com/en/speakers-2025
Johnny,Garlich,Founder,The Member Closing Center,,,Private Debt Investor New York Forum 2026,"September 15–16, 2026",New York,,,,speaker,https://www.peievents.com/en/speakers-2025
Ryan,Giffin,SVP,"Client Success, LendKey",,,Private Debt Investor New York Forum 2026,"September 15–16, 2026",New York,,,,speaker,https://www.peievents.com/en/speakers-2025
Billy,Guthrie,Managing Director,Darling Consulting Group,,,Private Debt Investor New York Forum 2026,"September 15–16, 2026",New York,,,,speaker,https://www.peievents.com/en/speakers-2025
Emma,Hayes,Chief Learning & Engagement Officer,SECU,,,Private Debt Investor New York Forum 2026,"September 15–16, 2026",New York,,,,speaker,https://www.peievents.com/en/speakers-2025
Ronaldo,Hardy,President and CEO,NACUSO,,,Private Debt Investor New York Forum 2026,"September 15–16, 2026",New York,,,,speaker,https://www.peievents.com/en/speakers-2025
Tim,Harrington,,"CPA, President, TEAM Resources",,,Private Debt Investor New York Forum 2026,"September 15–16, 2026",New York,,,,speaker,https://www.peievents.com/en/speakers-2025
Emily,Hollis,CEO,ALM First,,,Private Debt Investor New York Forum 2026,"September 15–16, 2026",New York,,,,speaker,https://www.peievents.com/en/speakers-2025
Ashley,Holloway,Partner Sales Manager,Amazon Web Services,,,Private Debt Investor New York Forum 2026,"September 15–16, 2026",New York,,,,speaker,https://www.peievents.com/en/speakers-2025
Rob,Hoyle,Chief Information Officer,Vantage West Credit Union,,,Private Debt Investor New York Forum 2026,"September 15–16, 2026",New York,,,,speaker,https://www.peievents.com/en/speakers-2025
Delana,Huling,President & CEO,Baylor Health Care System Credit Union,,,Private Debt Investor New York Forum 2026,"September 15–16, 2026",New York,,,,speaker,https://www.peievents.com/en/speakers-2025
Milton,Hunt,President,author of 10 Keys to Maximizing Your Potential,,,Private Debt Investor New York Forum 2026,"September 15–16, 2026",New York,,,,speaker,https://www.peievents.com/en/speakers-2025
Tracey,Jackson,President/CEO Treasury Department FCU,,,,Private Debt Investor New York Forum 2026,"September 15–16, 2026",New York,,,,speaker,https://www.peievents.com/en/speakers-2025
John,Janclaes,President,NYMBUS,,,Private Debt Investor New York Forum 2026,"September 15–16, 2026",New York,,,,speaker,https://www.peievents.com/en/speakers-2025
Carolyn,Jordan,Chief Growth Officer,Neighborhood CU,,,Private Debt Investor New York Forum 2026,"September 15–16, 2026",New York,,,,speaker,https://www.peievents.com/en/speakers-2025
Jackie,Joyner-Kersee,,Olympic Great,,,Private Debt Investor New York Forum 2026,"September 15–16, 2026",New York,,,,speaker,https://www.peievents.com/en/speakers-2025
Nancy,Kappler-Foster,,"Board Treasurer, Hudson Valley Credit Union,",,,Private Debt Investor New York Forum 2026,"September 15–16, 2026",New York,,,,speaker,https://www.peievents.com/en/speakers-2025
Maria,Kell,Co-Founder,KellMoore & Associates,,,Private Debt Investor New York Forum 2026,"September 15–16, 2026",New York,,,,speaker,https://www.peievents.com/en/speakers-2025
Joe,Kennerson,Managing Director,Darling Consulting Group,,,Private Debt Investor New York Forum 2026,"September 15–16, 2026",New York,,,,speaker,https://www.peievents.com/en/speakers-2025
C.,J. Klump,Senior Director,"Consumer Credit Products, Visa",,,Private Debt Investor New York Forum 2026,"September 15–16, 2026",New York,,,,speaker,https://www.peievents.com/en/speakers-2025
Gabe,Krajicek,CEO,Kasasa,,,Private Debt Investor New York Forum 2026,"September 15–16, 2026",New York,,,,speaker,https://www.peievents.com/en/speakers-2025
Anne,Legg,Founder & President,Thrive Strategic Services,,,Private Debt Investor New York Forum 2026,"September 15–16, 2026",New York,,,,speaker,https://www.peievents.com/en/speakers-2025
Cory,Madden,Board Director,Ventura County CU,,,Private Debt Investor New York Forum 2026,"September 15–16, 2026",New York,,,,speaker,https://www.peievents.com/en/speakers-2025
Travis,Markley,President & CEO,Hoosier Hills Credit Union,,,Private Debt Investor New York Forum 2026,"September 15–16, 2026",New York,,,,speaker,https://www.peievents.com/en/speakers-2025
Paul,Marston,COO,HR Performance Solutions,,,Private Debt Investor New York Forum 2026,"September 15–16, 2026",New York,,,,speaker,https://www.peievents.com/en/speakers-2025
Dayatra,Matthews,,"CLO & GC, LGFCU/Civic FCU",,,Private Debt Investor New York Forum 2026,"September 15–16, 2026",New York,,,,speaker,https://www.peievents.com/en/speakers-2025
Susan,Mitchell,CEO,"Mitchell, Stankovic & Associates",,,Private Debt Investor New York Forum 2026,"September 15–16, 2026",New York,,,,speaker,https://www.peievents.com/en/speakers-2025
Barbara,Mojica,Executive Director,National Latino Association of CU Professionals,,,Private Debt Investor New York Forum 2026,"September 15–16, 2026",New York,,,,speaker,https://www.peievents.com/en/speakers-2025
Tyler,Moore,Co-Founder,KellMoore & Associates,,,Private Debt Investor New York Forum 2026,"September 15–16, 2026",New York,,,,speaker,https://www.peievents.com/en/speakers-2025
John,Moreno,Managing Partner,Newcleus,,,Private Debt Investor New York Forum 2026,"September 15–16, 2026",New York,,,,speaker,https://www.peievents.com/en/speakers-2025
Tyrone,Muse,CEO,Visions FCU,,,Private Debt Investor New York Forum 2026,"September 15–16, 2026",New York,,,,speaker,https://www.peievents.com/en/speakers-2025
Scott,Olson,SVP,"Chief Data Officer, CoastHills Credit Union",,,Private Debt Investor New York Forum 2026,"September 15–16, 2026",New York,,,,speaker,https://www.peievents.com/en/speakers-2025
Stan,Phelps,,"Author, Forbes Contributor, TEDx Speaker, IBM Futurist",,,Private Debt Investor New York Forum 2026,"September 15–16, 2026",New York,,,,speaker,https://www.peievents.com/en/speakers-2025
Sam,"Plester, CUDE",CEO & Founder,Mission Brands Consulting,,,Private Debt Investor New York Forum 2026,"September 15–16, 2026",New York,,,,speaker,https://www.peievents.com/en/speakers-2025
Espy,Poblano,Training Manager,AACUC,,,Private Debt Investor New York Forum 2026,"September 15–16, 2026",New York,,,,speaker,https://www.peievents.com/en/speakers-2025
James,"Pogue, Ph.D",Chief Executive Officer,JP Enterprises,,,Private Debt Investor New York Forum 2026,"September 15–16, 2026",New York,,,,speaker,https://www.peievents.com/en/speakers-2025
Jim,Pond,co-founder,JXM,,,Private Debt Investor New York Forum 2026,"September 15–16, 2026",New York,,,,speaker,https://www.peievents.com/en/speakers-2025
Liz,Ponder,,"Senior Executive, SRP FCU",,,Private Debt Investor New York Forum 2026,"September 15–16, 2026",New York,,,,speaker,https://www.peievents.com/en/speakers-2025
Matt,Roe,Chief Revenue Officer,"Open Lending, LLC",,,Private Debt Investor New York Forum 2026,"September 15–16, 2026",New York,,,,speaker,https://www.peievents.com/en/speakers-2025
Renee,Sattiewhite,CEO & Founder,"Sattiewhite Training Productions, Inc.",https://www.linkedin.com/in/renee-sattiewhite-48b78b13/,,Private Debt Investor New York Forum 2026,"September 15–16, 2026",New York,,,,speaker,https://www.peievents.com/en/speakers-2025
Michael,Scholl,Director of Analytics,Chartway Credit Union,,,Private Debt Investor New York Forum 2026,"September 15–16, 2026",New York,,,,speaker,https://www.peievents.com/en/speakers-2025
Keith,& Rebecca Klein Scott,,Keith & Rebecca   Klein Scott,,,Private Debt Investor New York Forum 2026,"September 15–16, 2026",New York,,,,speaker,https://www.peievents.com/en/speakers-2025
Debbie,Smith,CEO,Georgia United CU,,,Private Debt Investor New York Forum 2026,"September 15–16, 2026",New York,,,,speaker,https://www.peievents.com/en/speakers-2025
Kwame,Smith,,Kwame  Smith,,,Private Debt Investor New York Forum 2026,"September 15–16, 2026",New York,,,,speaker,https://www.peievents.com/en/speakers-2025
Lynette,Smith,Chief Engagement Officer,"Quantum Governance & retired President/CEO, TruEnergy FCU",,,Private Debt Investor New York Forum 2026,"September 15–16, 2026",New York,,,,speaker,https://www.peievents.com/en/speakers-2025
Maurice,"Smith, Esq.",CEO ret.,"Local Government FCU, M Smith Law, PLC",,,Private Debt Investor New York Forum 2026,"September 15–16, 2026",New York,,,,speaker,https://www.peievents.com/en/speakers-2025
Brandi,Stankovic,Principal,Strategic Advisory,https://www.linkedin.com/in/brandistankovic,,Private Debt Investor New York Forum 2026,"September 15–16, 2026",New York,,,,speaker,https://www.peievents.com/en/speakers-2025
Katie,Stone,CEO & Co-owner,PixelSpoke,,,Private Debt Investor New York Forum 2026,"September 15–16, 2026",New York,,,,speaker,https://www.peievents.com/en/speakers-2025
Shawna,Suckow,,Author & Speaker,,,Private Debt Investor New York Forum 2026,"September 15–16, 2026",New York,,,,speaker,https://www.peievents.com/en/speakers-2025
Kerala,Taylor,Co-owner and Director of Marketing & Impact,,,,Private Debt Investor New York Forum 2026,"September 15–16, 2026",New York,,,,speaker,https://www.peievents.com/en/speakers-2025
Tom,Tobin,Founder & CEO,Modelshop,,,Private Debt Investor New York Forum 2026,"September 15–16, 2026",New York,,,,speaker,https://www.peievents.com/en/speakers-2025
Maryellen,Valaitis,Former Director,McGraw-Hill FCU,,,Private Debt Investor New York Forum 2026,"September 15–16, 2026",New York,,,,speaker,https://www.peievents.com/en/speakers-2025
Adam,Wright,Managing Director of CUDX Operations,Trellance,,,Private Debt Investor New York Forum 2026,"September 15–16, 2026",New York,,,,speaker,https://www.peievents.com/en/speakers-2025
Scott,Young,SVP,"Emerging Services, Velera",,,Private Debt Investor New York Forum 2026,"September 15–16, 2026",New York,,,,speaker,https://www.peievents.com/en/speakers-2025
Lisa,Arthur,Senior Vice President,Sensedia,,,Private Debt Investor New York Forum 2026,"September 15–16, 2026",New York,,,,speaker,https://www.peievents.com/en/speakers-2025
Geoff,Bacino,Partner,Bacino & Associates,,,Private Debt Investor New York Forum 2026,"September 15–16, 2026",New York,,,,speaker,https://www.peievents.com/en/speakers-2025
Steve,Bone,President & CEO,"MAP, LLC",,,Private Debt Investor New York Forum 2026,"September 15–16, 2026",New York,,,,speaker,https://www.peievents.com/en/speakers-2025
Chung,Bothwell,,"Board Chair, UNCLE CU",,,Private Debt Investor New York Forum 2026,"September 15–16, 2026",New York,,,,speaker,https://www.peievents.com/en/speakers-2025
Bill,Butler,CEO,Kachinga,,,Private Debt Investor New York Forum 2026,"September 15–16, 2026",New York,,,,speaker,https://www.peievents.com/en/speakers-2025
Josh,DeTar,EVP - Evangelism,Tyfone,,,Private Debt Investor New York Forum 2026,"September 15–16, 2026",New York,,,,speaker,https://www.peievents.com/en/speakers-2025
Adam,DeVita,Co-Founder & COO,ModernFi CUSO,,,Private Debt Investor New York Forum 2026,"September 15–16, 2026",New York,,,,speaker,https://www.peievents.com/en/speakers-2025
Paul,Dionne,Chief Strategy Officer & Lead Consultant,"Quantum Governance, L3C",,,Private Debt Investor New York Forum 2026,"September 15–16, 2026",New York,,,,speaker,https://www.peievents.com/en/speakers-2025
Andrew,Downin,CEO,O Bee CU,,,Private Debt Investor New York Forum 2026,"September 15–16, 2026",New York,,,,speaker,https://www.peievents.com/en/speakers-2025
Larry,Dunn,Senior Director of Sales & Membership Experience,Island Federal,,,Private Debt Investor New York Forum 2026,"September 15–16, 2026",New York,,,,speaker,https://www.peievents.com/en/speakers-2025
Mike,Duncan,CEO,Bankjoy,,,Private Debt Investor New York Forum 2026,"September 15–16, 2026",New York,,,,speaker,https://www.peievents.com/en/speakers-2025
Teresa,Freeborn,President and author of Suits and Skirts - Game On! The Battle for Corporate Power,Kinecta FCU,,,Private Debt Investor New York Forum 2026,"September 15–16, 2026",New York,,,,speaker,https://www.peievents.com/en/speakers-2025
Jared,Freeman,President/CEO,OnPath CU,,,Private Debt Investor New York Forum 2026,"September 15–16, 2026",New York,,,,speaker,https://www.peievents.com/en/speakers-2025
Dawn,Goldbacher,VP,"Head of Insurance Division, Franklin Madison",,,Private Debt Investor New York Forum 2026,"September 15–16, 2026",New York,,,,speaker,https://www.peievents.com/en/speakers-2025
Lynn,Heckler,Chief Culture Officer,"Partner, Blupact Strategy Group",,,Private Debt Investor New York Forum 2026,"September 15–16, 2026",New York,,,,speaker,https://www.peievents.com/en/speakers-2025
Alec,Hollis,Principal,ALM First,,,Private Debt Investor New York Forum 2026,"September 15–16, 2026",New York,,,,speaker,https://www.peievents.com/en/speakers-2025
Samantha,Hubbard,VP of Business Development,Scienaptic AI,,,Private Debt Investor New York Forum 2026,"September 15–16, 2026",New York,,,,speaker,https://www.peievents.com/en/speakers-2025
John,Iannarelli,,"FBI Special Agent Ret., FBI John",,,Private Debt Investor New York Forum 2026,"September 15–16, 2026",New York,,,,speaker,https://www.peievents.com/en/speakers-2025
Chris,Imperatrice,Managing Director,Ernst & Young LLP,,,Private Debt Investor New York Forum 2026,"September 15–16, 2026",New York,,,,speaker,https://www.peievents.com/en/speakers-2025
Dr,Samuel Jones,Founder,"Transform Now, Inc.",,,Private Debt Investor New York Forum 2026,"September 15–16, 2026",New York,,,,speaker,https://www.peievents.com/en/speakers-2025
Maurice,Jourdain-Earl,Managing Director,ComplianceTech,,,Private Debt Investor New York Forum 2026,"September 15–16, 2026",New York,,,,speaker,https://www.peievents.com/en/speakers-2025
Jackson,Kerchis,Co-founder & Partner,Happiness Means Business,,,Private Debt Investor New York Forum 2026,"September 15–16, 2026",New York,,,,speaker,https://www.peievents.com/en/speakers-2025
Brian,Lee,President & CEO,Arizona Central CU,,,Private Debt Investor New York Forum 2026,"September 15–16, 2026",New York,,,,speaker,https://www.peievents.com/en/speakers-2025
Mark,Lovewell,EVP & CFO,California CU,,,Private Debt Investor New York Forum 2026,"September 15–16, 2026",New York,,,,speaker,https://www.peievents.com/en/speakers-2025
Maria,Martinez,President & CEO,Border FCU,,,Private Debt Investor New York Forum 2026,"September 15–16, 2026",New York,,,,speaker,https://www.peievents.com/en/speakers-2025
Matt,Maguy and Jim Pond,Co-Founders,James x Matthew JXM,,,Private Debt Investor New York Forum 2026,"September 15–16, 2026",New York,,,,speaker,https://www.peievents.com/en/speakers-2025
Michael,Maxwell,,"Chair, Rize CU",,,Private Debt Investor New York Forum 2026,"September 15–16, 2026",New York,,,,speaker,https://www.peievents.com/en/speakers-2025
Sandra,McDowell,,"MA. PCC, CEO, eLeadership Academy",,,Private Debt Investor New York Forum 2026,"September 15–16, 2026",New York,,,,speaker,https://www.peievents.com/en/speakers-2025
Jed,Meyer,President & CEO,St. Cloud Financial CU,,,Private Debt Investor New York Forum 2026,"September 15–16, 2026",New York,,,,speaker,https://www.peievents.com/en/speakers-2025
Val,Mindak,CEO & President,Park City Credit Union,,,Private Debt Investor New York Forum 2026,"September 15–16, 2026",New York,,,,speaker,https://www.peievents.com/en/speakers-2025
Jim,Morrell,,"Board Treasurer of America's Credit Union, President & CEO, Penninsula Community CU",,,Private Debt Investor New York Forum 2026,"September 15–16, 2026",New York,,,,speaker,https://www.peievents.com/en/speakers-2025
Deena,Otto,SVP/Chief Operating Officer,Stanford Federal Credit Union,,,Private Debt Investor New York Forum 2026,"September 15–16, 2026",New York,,,,speaker,https://www.peievents.com/en/speakers-2025
Armand,Parvazi,,"Strategic Advisor, CUCollaborate",,,Private Debt Investor New York Forum 2026,"September 15–16, 2026",New York,,,,speaker,https://www.peievents.com/en/speakers-2025
Samantha,Paxson,Founder,Power & Light Collaborative,,,Private Debt Investor New York Forum 2026,"September 15–16, 2026",New York,,,,speaker,https://www.peievents.com/en/speakers-2025
Scott,Prior,CEO,Connection CU,,,Private Debt Investor New York Forum 2026,"September 15–16, 2026",New York,,,,speaker,https://www.peievents.com/en/speakers-2025
Heath,Renfrow,Co-Founder & Chief Information Security Officer,Fenix24,,,Private Debt Investor New York Forum 2026,"September 15–16, 2026",New York,,,,speaker,https://www.peievents.com/en/speakers-2025
Harold,Roundtree,CEO,UNCLE CU,,,Private Debt Investor New York Forum 2026,"September 15–16, 2026",New York,,,,speaker,https://www.peievents.com/en/speakers-2025
Mitch,Rutledge,Co-Founder & CEO,Vertice AI,,,Private Debt Investor New York Forum 2026,"September 15–16, 2026",New York,,,,speaker,https://www.peievents.com/en/speakers-2025
Renée,Sattiewhite,President & CEO,African-American Credit Union Coalition AACUC,,,Private Debt Investor New York Forum 2026,"September 15–16, 2026",New York,,,,speaker,https://www.peievents.com/en/speakers-2025
Danielle,Scodellaro,,Danielle  Scodellaro,,,Private Debt Investor New York Forum 2026,"September 15–16, 2026",New York,,,,speaker,https://www.peievents.com/en/speakers-2025
Janelle,Shane,,AI Expert & Humorist,,,Private Debt Investor New York Forum 2026,"September 15–16, 2026",New York,,,,speaker,https://www.peievents.com/en/speakers-2025
Steph,Sherrodd,President & CEO,Sunward CU,,,Private Debt Investor New York Forum 2026,"September 15–16, 2026",New York,,,,speaker,https://www.peievents.com/en/speakers-2025
Tansley,Stearns,President and CEO,Community Financial CU,,,Private Debt Investor New York Forum 2026,"September 15–16, 2026",New York,,,,speaker,https://www.peievents.com/en/speakers-2025
Dan,Stoltz,CEO,President Blaze CU,,,Private Debt Investor New York Forum 2026,"September 15–16, 2026",New York,,,,speaker,https://www.peievents.com/en/speakers-2025
Joe,Theismann,,NFL Legend & Entrepreneur,,,Private Debt Investor New York Forum 2026,"September 15–16, 2026",New York,,,,speaker,https://www.peievents.com/en/speakers-2025
Jake,Tyler,,"AI Strategy Leader, Glia",,,Private Debt Investor New York Forum 2026,"September 15–16, 2026",New York,,,,speaker,https://www.peievents.com/en/speakers-2025
Ben,Udell,SVP Product Marketing & Innovation,Marquis,,,Private Debt Investor New York Forum 2026,"September 15–16, 2026",New York,,,,speaker,https://www.peievents.com/en/speakers-2025
Tyler,Valentine,President & CEO,StagePoint Federal Credit Union,,,Private Debt Investor New York Forum 2026,"September 15–16, 2026",New York,,,,speaker,https://www.peievents.com/en/speakers-2025
Vennesa,Valcorazão,President,Kasasa,,,Private Debt Investor New York Forum 2026,"September 15–16, 2026",New York,,,,speaker,https://www.peievents.com/en/speakers-2025
Brian,Waldron,Brian  Waldron,"SVP/CLO, Hudson Valley FCU",,,Private Debt Investor New York Forum 2026,"September 15–16, 2026",New York,,,,speaker,https://www.peievents.com/en/speakers-2025
Vishal,Madhavan,Managing Director & Partner,BCG,,,Private Debt Investor New York Forum 2026,"September 15–16, 2026",New York,,,,speaker,https://www.peievents.com/en/speakers-2025
Scott,Hinkle,Principal and Co-Founder,Acumen Financial Advantage,,,Private Debt Investor New York Forum 2026,"September 15–16, 2026",New York,,,,speaker,https://www.peievents.com/en/speakers-2025
Speakers,included:,Head of Japan and Vice Head for South East Asia,"Multilateral Investment Guarantee Agency, The World Bank Group",,,Private Debt Investor New York Forum 2026,"September 15–16, 2026",New York,,,,sponsor,https://www.peievents.com/en/sponsors
Shuichi,Hayashida,Head of Japan and Vice Head for South East Asia,"Multilateral Investment Guarantee Agency, The World Bank Group",,,Private Debt Investor New York Forum 2026,"September 15–16, 2026",New York,,,,sponsor,https://www.peievents.com/en/sponsors
Takako,Koizumi,Managing Director,"Global Customer Solutions, EQT Partners Japan",,,Private Debt Investor New York Forum 2026,"September 15–16, 2026",New York,,,,sponsor,https://www.peievents.com/en/sponsors
Koji,Sugauchi,Director and General Manager,"Fund Management Department, Osaka Shoko Shinkin Bank",,,Private Debt Investor New York Forum 2026,"September 15–16, 2026",New York,,,,sponsor,https://www.peievents.com/en/sponsors
Tetsuya,Tabata,Co-Head of Private Equity Investment team,Sumitomo Mitsui Trust Bank,,,Private Debt Investor New York Forum 2026,"September 15–16, 2026",New York,,,,sponsor,https://www.peievents.com/en/sponsors
Yuriko,Watanabe,Director,Japan Post Bank,,,Private Debt Investor New York Forum 2026,"September 15–16, 2026",New York,,,,sponsor,https://www.peievents.com/en/sponsors
Shinichi,Yasuda,Senior Vice President,"Structured Finance Department, Development Bank of Japan",,,Private Debt Investor New York Forum 2026,"September 15–16, 2026",New York,,,,sponsor,https://www.peievents.com/en/sponsors
Masashi,Adachi,,"Member, House of Councillors, Liberal Democratic Party, Japan",,,Private Debt Investor New York Forum 2026,"September 15–16, 2026",New York,,,,sponsor,https://www.peievents.com/en/sponsors
Doug,Kimmelman,Senior Partner and Founder,ECP,,,Private Debt Investor New York Forum 2026,"September 15–16, 2026",New York,,,,sponsor,https://www.peievents.com/en/sponsors
Takanori,Fukushima,General Manager,Sumitomo Mitsui Trust Research Institute,,,Private Debt Investor New York Forum 2026,"September 15–16, 2026",New York,,,,sponsor,https://www.peievents.com/en/sponsors
Morimasa,Matsuda,President and Chief Executive Officer,Daiwa Energy & Infrastructure,,,Private Debt Investor New York Forum 2026,"September 15–16, 2026",New York,,,,sponsor,https://www.peievents.com/en/sponsors
Jun,Shimamoto,General Manager,ORIX Corporation,,,Private Debt Investor New York Forum 2026,"September 15–16, 2026",New York,,,,sponsor,https://www.peievents.com/en/sponsors
Sohei,Shiotani,Chief Investment Officer,Marunouchi Infrastructure,,,Private Debt Investor New York Forum 2026,"September 15–16, 2026",New York,,,,sponsor,https://www.peievents.com/en/sponsors
Kanna,Mihara,Head of Low Carbon Business Development & Integration - Japan,bp,,,Private Debt Investor New York Forum 2026,"September 15–16, 2026",New York,,,,sponsor,https://www.peievents.com/en/sponsors
Jun,Kasamatsu,Country Manager,"Japan, Ørsted",,,Private Debt Investor New York Forum 2026,"September 15–16, 2026",New York,,,,sponsor,https://www.peievents.com/en/sponsors
Isshu,Kikuma,Japan Energy Analyst,BloombergNEF,,,Private Debt Investor New York Forum 2026,"September 15–16, 2026",New York,,,,sponsor,https://www.peievents.com/en/sponsors
Martin,Torres,Head of the Americas for the Renewable Power Group,BlackRock,,,Private Debt Investor New York Forum 2026,"September 15–16, 2026",New York,,,,sponsor,https://www.peievents.com/en/sponsors
Daniel,Kemp,Executive Director,"Direct Investments, National Investment and Infrastructure Fund NIIF",,,Private Debt Investor New York Forum 2026,"September 15–16, 2026",New York,,,,sponsor,https://www.peievents.com/en/sponsors
Ambalika,Banerji,Executive Director,"Direct Investments, National Investment and Infrastructure Fund NIIF",,,Private Debt Investor New York Forum 2026,"September 15–16, 2026",New York,,,,sponsor,https://www.peievents.com/en/sponsors
Melannie,Pyzik,Managing Director,"Head of Investor Solutions, Argo Infrastructure Partners",,,Private Debt Investor New York Forum 2026,"September 15–16, 2026",New York,,,,sponsor,https://www.peievents.com/en/sponsors
Kirsten,Whitehead,Partner,"Portfolio Management - Infrastructure, QIC",,,Private Debt Investor New York Forum 2026,"September 15–16, 2026",New York,,,,sponsor,https://www.peievents.com/en/sponsors
Ingrid,Edmund,Head of Financing,"Infrastructure Investments, Columbia Threadneedle Investments",,,Private Debt Investor New York Forum 2026,"September 15–16, 2026",New York,,,,sponsor,https://www.peievents.com/en/sponsors
Elisabetta,Leoni,Senior Investment Director,AustralianSuper,,,Private Debt Investor New York Forum 2026,"September 15–16, 2026",New York,,,,sponsor,https://www.peievents.com/en/sponsor
Jaime,Alvarez-Dominguez,Portfolio Manager,Brunel Pension Partnership,,,Private Debt Investor New York Forum 2026,"September 15–16, 2026",New York,,,,sponsor,https://www.peievents.com/en/sponsor
José,Cabrita,Head of Unit,European Investment Fund,,,Private Debt Investor New York Forum 2026,"September 15–16, 2026",New York,,,,sponsor,https://www.peievents.com/en/sponsor
Nicole,Grützmacher,Co-Head of Private Markets,FERI AG,,,Private Debt Investor New York Forum 2026,"September 15–16, 2026",New York,,,,sponsor,https://www.peievents.com/en/sponsor
Anna,Baumbach,Partner,Palladio Partners,,,Private Debt Investor New York Forum 2026,"September 15–16, 2026",New York,,,,sponsor,https://www.peievents.com/en/sponsor
Michela,Bariletti,Chief Credit Officer,Phoenix Group,,,Private Debt Investor New York Forum 2026,"September 15–16, 2026",New York,,,,sponsor,https://www.peievents.com/en/sponsor
Vladan,Martinovic,Head of Infrastructure Debt,PIC,,,Private Debt Investor New York Forum 2026,"September 15–16, 2026",New York,,,,sponsor,https://www.peievents.com/en/sponsor
Kamil,Burganov,Senior Vice President,GIC,,,Private Debt Investor New York Forum 2026,"September 15–16, 2026",New York,,,,sponsor,https://www.peievents.com/en/sponsor
Uwe,Fleischhauer,Head of Infrastructure,YIELCO Investments,,,Private Debt Investor New York Forum 2026,"September 15–16, 2026",New York,,,,sponsor,https://www.peievents.com/en/sponsor
Canan,Anli,Managing Director,ECA Advisory,,,Private Debt Investor New York Forum 2026,"September 15–16, 2026",New York,,,,sponsor,https://www.peievents.com/en/sponsor
George,Anstey,Senior Managing Director,NERA,,,Private Debt Investor New York Forum 2026,"September 15–16, 2026",New York,,,,sponsor,https://www.peievents.com/en/sponsor
Lyes,Arezki,Portfolio Manager,"Private Markets, UMR",,,Private Debt Investor New York Forum 2026,"September 15–16, 2026",New York,,,,sponsor,https://www.peievents.com/en/sponsor
Rajiv,Babooram,Adviser & Head,"Commonwealth Connectivity Agenda, Commonwealth Secretariat",,,Private Debt Investor New York Forum 2026,"September 15–16, 2026",New York,,,,sponsor,https://www.peievents.com/en/sponsor
Marco,Biersinger,Head of Corporate Development,"M&A, DTEK Group",,,Private Debt Investor New York Forum 2026,"September 15–16, 2026",New York,,,,sponsor,https://www.peievents.com/en/sponsor
Frédéric,Blanc-Brude,CEO,SIPA part of PEI,,,Private Debt Investor New York Forum 2026,"September 15–16, 2026",New York,,,,sponsor,https://www.peievents.com/en/sponsor
Marc-Philippe,Botte,Managing Partner,Omnes Capital,,,Private Debt Investor New York Forum 2026,"September 15–16, 2026",New York,,,,sponsor,https://www.peievents.com/en/sponsor
Alexandre,Bretz,Senior Investment Director Private Credit,AustralianSuper,,,Private Debt Investor New York Forum 2026,"September 15–16, 2026",New York,,,,sponsor,https://www.peievents.com/en/sponsor
Charlotte,Bucchioni,Senior Vice President,Capstone,,,Private Debt Investor New York Forum 2026,"September 15–16, 2026",New York,,,,sponsor,https://www.peievents.com/en/sponsor
Anish,Butani,Managing Director,"Private Markets, bfinance",,,Private Debt Investor New York Forum 2026,"September 15–16, 2026",New York,,,,sponsor,https://www.peievents.com/en/sponsor
Kate,Campbell,Founding Partner,Astrid Advisors,,,Private Debt Investor New York Forum 2026,"September 15–16, 2026",New York,,,,sponsor,https://www.peievents.com/en/sponsor
Maria,Luisa Castro,Managing Director,Igneo Infrastructure Partners,,,Private Debt Investor New York Forum 2026,"September 15–16, 2026",New York,,,,sponsor,https://www.peievents.com/en/sponsor
Tom,Debakker,Principal,"Infrastructure and Real Assets team, StepStone Group",,,Private Debt Investor New York Forum 2026,"September 15–16, 2026",New York,,,,sponsor,https://www.peievents.com/en/sponsor
Steve,Deeley,Managing Director,Dalmore Capital,,,Private Debt Investor New York Forum 2026,"September 15–16, 2026",New York,,,,sponsor,https://www.peievents.com/en/sponsor
Ingrid,Edmund,Managing Director,National Wealth Fund,,,Private Debt Investor New York Forum 2026,"September 15–16, 2026",New York,,,,sponsor,https://www.peievents.com/en/sponsor
David,Emes,Head of Infrastructure Capital Raising,L&G,,,Private Debt Investor New York Forum 2026,"September 15–16, 2026",New York,,,,sponsor,https://www.peievents.com/en/sponsor
James,Falzon,Associate Director,"Sustainable Infrastructure, EBRD",,,Private Debt Investor New York Forum 2026,"September 15–16, 2026",New York,,,,sponsor,https://www.peievents.com/en/sponsor
Nic,Firzli,Executive Director,World Pensions Council,,,Private Debt Investor New York Forum 2026,"September 15–16, 2026",New York,,,,sponsor,https://www.peievents.com/en/sponsor
Vincent,Gerritsen,Partner,"Co-Head Morrison Value Add II, Morrison",,,Private Debt Investor New York Forum 2026,"September 15–16, 2026",New York,,,,sponsor,https://www.peievents.com/en/sponsor
Carmen,Izquierdo Serrano,CEO & Co-Founder,nTeaser,,,Private Debt Investor New York Forum 2026,"September 15–16, 2026",New York,,,,sponsor,https://www.peievents.com/en/sponsor
Eric,Kaleja,Senior Manager Impact & Cimate,DEG,,,Private Debt Investor New York Forum 2026,"September 15–16, 2026",New York,,,,sponsor,https://www.peievents.com/en/sponsor
Kashif,Khan,,"EMEA Infrastructure & Project Finance, MetLife Investment Management",,,Private Debt Investor New York Forum 2026,"September 15–16, 2026",New York,,,,sponsor,https://www.peievents.com/en/sponsor
Anne,Kuleshova,Senior Investment Director,"Real Assets, Cambridge Associates",,,Private Debt Investor New York Forum 2026,"September 15–16, 2026",New York,,,,sponsor,https://www.peievents.com/en/sponsor
Kunal,Koya,Partner,"Head of Active Core Infrastructure Europe, EQT",,,Private Debt Investor New York Forum 2026,"September 15–16, 2026",New York,,,,sponsor,https://www.peievents.com/en/sponsor
Anish,Majmudar,Head of Infrastructure & Real Assets,M&G,,,Private Debt Investor New York Forum 2026,"September 15–16, 2026",New York,,,,sponsor,https://www.peievents.com/en/sponsor
Sunil,Malhotra,Investment Director,USS Investment Management,,,Private Debt Investor New York Forum 2026,"September 15–16, 2026",New York,,,,sponsor,https://www.peievents.com/en/sponsor
Joe,Marsh,,"EMEA Editor, Investor Intelligence, PEI Group",,,Private Debt Investor New York Forum 2026,"September 15–16, 2026",New York,,,,sponsor,https://www.peievents.com/en/sponsor
Oxana,Megglé,,"Sustainable Finance Lead, International Finance Corporation",,,Private Debt Investor New York Forum 2026,"September 15–16, 2026",New York,,,,sponsor,https://www.peievents.com/en/sponsor
Siobhán,Nagle,Managing Director,Digital Infrastructure EMEA,,,Private Debt Investor New York Forum 2026,"September 15–16, 2026",New York,,,,sponsor,https://www.peievents.com/en/sponsor
Elie,Nammar,Senior Investment Director - Partner,Vauban Infrastructure Partners,,,Private Debt Investor New York Forum 2026,"September 15–16, 2026",New York,,,,sponsor,https://www.peievents.com/en/sponsor
Katya,Romashkan,Portfolio Manager – Infrastructure,Aware Super,,,Private Debt Investor New York Forum 2026,"September 15–16, 2026",New York,,,,sponsor,https://www.peievents.com/en/sponsor
Holger,Rothenbusch,Managing Director and Head of Infrastructure & Climate,British International Investment,,,Private Debt Investor New York Forum 2026,"September 15–16, 2026",New York,,,,sponsor,https://www.peievents.com/en/sponsor
Jessica,Rovet,Investment Associate,The Crown Estate,,,Private Debt Investor New York Forum 2026,"September 15–16, 2026",New York,,,,sponsor,https://www.peievents.com/en/sponsor
Salvatore,Santoro,Global Head of Renewables & Infrastructure,DNB Carnegie,,,Private Debt Investor New York Forum 2026,"September 15–16, 2026",New York,,,,sponsor,https://www.peievents.com/en/sponsor
Julia,Schiffer,Head of Infrastructure Europe / Partner,Mercer Alternatives,,,Private Debt Investor New York Forum 2026,"September 15–16, 2026",New York,,,,sponsor,https://www.peievents.com/en/sponsor
Puneet,Sharma,Senior Investment Director,USS,,,Private Debt Investor New York Forum 2026,"September 15–16, 2026",New York,,,,sponsor,https://www.peievents.com/en/sponsor
Marija,Simpraga,Co-Head of Real Assets,People's Partnership,,,Private Debt Investor New York Forum 2026,"September 15–16, 2026",New York,,,,sponsor,https://www.peievents.com/en/sponsor
Laurens-Jan,Sipma,Senior Director,APG Asset Management,,,Private Debt Investor New York Forum 2026,"September 15–16, 2026",New York,,,,sponsor,https://www.peievents.com/en/sponsor
Robbert,Staal,Senior Portfolio Manager,"Global Real Estate, MN",,,Private Debt Investor New York Forum 2026,"September 15–16, 2026",New York,,,,sponsor,https://www.peievents.com/en/sponsor
Francesco,Starace,Partner,EQT,,,Private Debt Investor New York Forum 2026,"September 15–16, 2026",New York,,,,sponsor,https://www.peievents.com/en/sponsor
Nathalie,Tidman,,"Editor, Infrastructure Investor Deals",,,Private Debt Investor New York Forum 2026,"September 15–16, 2026",New York,,,,sponsor,https://www.peievents.com/en/sponsor
Surinder,Toor,Managing Partner,Arjun Infrastructure Partners,,,Private Debt Investor New York Forum 2026,"September 15–16, 2026",New York,,,,sponsor,https://www.peievents.com/en/sponsor
Ionna,Trofimova Elliot,Director,Borderless Renewables,,,Private Debt Investor New York Forum 2026,"September 15–16, 2026",New York,,,,sponsor,https://www.peievents.com/en/sponsor
Amarik,Ubhi,Senior Portfolio Manager - Real Assets,Border to Coast Pensions Partnership,,,Private Debt Investor New York Forum 2026,"September 15–16, 2026",New York,,,,sponsor,https://www.peievents.com/en/sponsor
Simon,Whistler,Head of Real Assets,Principles for Responsible Investment,,,Private Debt Investor New York Forum 2026,"September 15–16, 2026",New York,,,,sponsor,https://www.peievents.com/en/sponsor
Ned,Williams,Managing Director,Evans Randall Investors,,,Private Debt Investor New York Forum 2026,"September 15–16, 2026",New York,,,,sponsor,https://www.peievents.com/en/sponsor
Nikolaus,Woloszczuk,Senior Managing Director,Stonepeak,,,Private Debt Investor New York Forum 2026,"September 15–16, 2026",New York,,,,sponsor,https://www.peievents.com/en/sponsor
Georg,Zett,Senior Director,PSP Investments,,,Private Debt Investor New York Forum 2026,"September 15–16, 2026",New York,,,,sponsor,https://www.peievents.com/en/sponsor
Eugene,Zhuchenko,Director & Founder,ETORE Advisory,,,Private Debt Investor New York Forum 2026,"September 15–16, 2026",New York,,,,sponsor,https://www.peievents.com/en/sponsor
Annette,Bannister,Managing Director,MetLife Investment Management,,,Private Debt Investor New York Forum 2026,"September 15–16, 2026",New York,,,,sponsor,https://www.peievents.com/en/sponsor
Manuel,Dusina,Head of Infrastructure,Phoenix Group Plc,,,Private Debt Investor New York Forum 2026,"September 15–16, 2026",New York,,,,sponsor,https://www.peievents.com/en/sponsor
Hans,Fredrik Forssman,Senior Investment Manager,Skandia Norden,,,Private Debt Investor New York Forum 2026,"September 15–16, 2026",New York,,,,sponsor,https://www.peievents.com/en/sponsor
Ulla,Agesen,Head of Infrastructure,NIO,,,Private Debt Investor New York Forum 2026,"September 15–16, 2026",New York,,,,sponsor,https://www.peievents.com/en/sponsor
Ted,Frith,Chief Operating Officer,GLIL Infrastructure,,,Private Debt Investor New York Forum 2026,"September 15–16, 2026",New York,,,,sponsor,https://www.peievents.com/en/sponsor
Irina,Frolova,Independent non-executive director ＆ Investment Committee Chair,PGGM,,,Private Debt Investor New York Forum 2026,"September 15–16, 2026",New York,,,,sponsor,https://www.peievents.com/en/sponsor
Jason,Hyunjae Kim,Head of Infrastructure PF Team,Samsung Fire & Marine Insurance,,,Private Debt Investor New York Forum 2026,"September 15–16, 2026",New York,,,,sponsor,https://www.peievents.com/en/sponsor
Nitesh,Mistry,Head of Infrastructure Finance,Swiss Re,,,Private Debt Investor New York Forum 2026,"September 15–16, 2026",New York,,,,sponsor,https://www.peievents.com/en/sponsor
Minesh,Mashru,Head of Infrastructure,Cambridge Associates,,,Private Debt Investor New York Forum 2026,"September 15–16, 2026",New York,,,,sponsor,https://www.peievents.com/en/sponsor
Gordon,Bajnai,Partner,Campbell Lutyens,,,Private Debt Investor New York Forum 2026,"September 15–16, 2026",New York,,,,sponsor,https://www.peievents.com/en/sponsor
Andrea,Echberg,Partner and Head of Global Infrastructure and Real Assets,Pantheon,,,Private Debt Investor New York Forum 2026,"September 15–16, 2026",New York,,,,sponsor,https://www.peievents.com/en/sponsor
Danae,Kyriakopoulou,,"Senior Policy Fellow, Grantham Research Institute on Climate Change and the Environment, London School of Economics",,,Private Debt Investor New York Forum 2026,"September 15–16, 2026",New York,,,,sponsor,https://www.peievents.com/en/sponsor
Esther,Peiner,Managing Director,"Co-Head Private Infrastructure Europe, Partners Group",,,Private Debt Investor New York Forum 2026,"September 15–16, 2026",New York,,,,sponsor,https://www.peievents.com/en/sponsor
Kalliope,Gourntis,Partner and Head of Research,Arjun Infrastructure Partners,,,Private Debt Investor New York Forum 2026,"September 15–16, 2026",New York,,,,sponsor,https://www.peievents.com/en/sponsor
Serkan,Bahçeci,Partner and Head of Research,Arjun Infrastructure Partners,,,Private Debt Investor New York Forum 2026,"September 15–16, 2026",New York,,,,sponsor,https://www.peievents.com/en/sponsor
Alastair,Hall,Senior Managing Director,"Europe, OMERS",,,Private Debt Investor New York Forum 2026,"September 15–16, 2026",New York,,,,sponsor,https://www.peievents.com/en/sponsor
Sam,Lissner,Principal,Ridgewood Infrastructure,,,Private Debt Investor New York Forum 2026,"September 15–16, 2026",New York,,,,sponsor,https://www.peievents.com/en/sponsor
Yuriko,Watanabe,Director,"Infrastructure Investment/Private Equity Investment Department, Japan Post Bank",,,Private Debt Investor New York Forum 2026,"September 15–16, 2026",New York,,,,sponsor,https://www.peievents.com/en/sponsor
Mariana,Barrientos,Director- Infrastructure,"Europe, CBRE Investment Management",,,Private Debt Investor New York Forum 2026,"September 15–16, 2026",New York,,,,sponsor,https://www.peievents.com/en/sponsor
Michael,Bonte-Friedheim,Founding Partner and Group CEO,NextEnergy Group,,,Private Debt Investor New York Forum 2026,"September 15–16, 2026",New York,,,,sponsor,https://www.peievents.com/en/sponsor
Gabriel,de Lastours,Regional Head,Energy MENA - European Bank for Reconstruction & Development EBRD,,,Private Debt Investor New York Forum 2026,"September 15–16, 2026",New York,,,,sponsor,https://www.peievents.com/en/sponsor
Lawrence,Slade,Chief Executive Officer,Global Infrastructure Investor Association,,,Private Debt Investor New York Forum 2026,"September 15–16, 2026",New York,,,,sponsor,https://www.peievents.com/en/sponsor
Marcus,Ayre,Partner,"Head of Igneo Infrastructure Partners, Igneo Infrastructure Partners",,,Private Debt Investor New York Forum 2026,"September 15–16, 2026",New York,,,,sponsor,https://www.peievents.com/en/sponsor
Nic,DiLoretta,Managing Director,"Head of Real Assets, Aksia",,,Private Debt Investor New York Forum 2026,"September 15–16, 2026",New York,,,,sponsor,https://www.peievents.com/en/sponsor
Anand,Jagannathan,Senior Partner- NextGen,Antin Infrastructure Partners,,,Private Debt Investor New York Forum 2026,"September 15–16, 2026",New York,,,,sponsor,https://www.peievents.com/en/sponsor
Laurent,Segalen,Managing Partner,Megawatt-X,,,Private Debt Investor New York Forum 2026,"September 15–16, 2026",New York,,,,sponsor,https://www.peievents.com/en/sponsor
Joss,Blamire,Director,"Infrastructure, GRESB",,,Private Debt Investor New York Forum 2026,"September 15–16, 2026",New York,,,,sponsor,https://www.peievents.com/en/sponsor
Carolyn,Pearce,Managing Director,Stonepeak,,,Private Debt Investor New York Forum 2026,"September 15–16, 2026",New York,,,,sponsor,https://www.peievents.com/en/sponsor
Shane,Swords,Managing Director,Head of Investor Relations - NextEnergy Capital,,,Private Debt Investor New York Forum 2026,"September 15–16, 2026",New York,,,,sponsor,https://www.peievents.com/en/sponsor
Diogo,Honório,Director Real Assets & Alternatives,Nordea Asset Management,,,Private Debt Investor New York Forum 2026,"September 15–16, 2026",New York,,,,sponsor,https://www.peievents.com/en/sponsor
Martin,Ragettli,Senior Vice President,IST Investment Foundation,,,Private Debt Investor New York Forum 2026,"September 15–16, 2026",New York,,,,sponsor,https://www.peievents.com/en/sponsor
Stefan,Stauber,Investment Manager,Perpetual Investors,,,Private Debt Investor New York Forum 2026,"September 15–16, 2026",New York,,,,sponsor,https://www.peievents.com/en/sponsor
Benjamin,Canet,Foreign Investment Manager,The Israeli Phoenix,,,Private Debt Investor New York Forum 2026,"September 15–16, 2026",New York,,,,sponsor,https://www.peievents.com/en/sponsor
Christoph,Gertenbach,Deputy Head of Finance,RAG-Stiftung,,,Private Debt Investor New York Forum 2026,"September 15–16, 2026",New York,,,,sponsor,https://www.peievents.com/en/sponsor
Oliver,Bradley,Managing Director,Macquarie Capital,,,Private Debt Investor New York Forum 2026,"September 15–16, 2026",New York,,,,sponsor,https://www.peievents.com/en/sponsor
Phil,Cooper,Director,Digital Infrastructure Accelerator,,,Private Debt Investor New York Forum 2026,"September 15–16, 2026",New York,,,,sponsor,https://www.peievents.com/en/sponsor
Rohini,Pahwa,Managing Director,Arjun Infrastructure Partners,,,Private Debt Investor New York Forum 2026,"September 15–16, 2026",New York,,,,sponsor,https://www.peievents.com/en/sponsor
Phoebe,Smith,Senior Director,Patrizia AG,,,Private Debt Investor New York Forum 2026,"September 15–16, 2026",New York,,,,sponsor,https://www.peievents.com/en/sponsor
Abhishek,Gupta,Associate Director at the EDHEC Infrastructure Institute and the Head of infraMetrics® Product Development,EDHECinfra,,,Private Debt Investor New York Forum 2026,"September 15–16, 2026",New York,,,,sponsor,https://www.peievents.com/en/sponsor
Kikuko,Emae,Senior Director,Government Pension Investment Fund GPIF,,,Private Debt Investor New York Forum 2026,"September 15–16, 2026",New York,,,,sponsor,https://www.peievents.com/en/sponsor
Alex,Bebov,Managing Partner,BAC Securities,,,Private Debt Investor New York Forum 2026,"September 15–16, 2026",New York,,,,sponsor,https://www.peievents.com/en/sponsor
Karen,Azoulay,Head of Real Assets,BNP Paribas Asset Management,,,Private Debt Investor New York Forum 2026,"September 15–16, 2026",New York,,,,sponsor,https://www.peievents.com/en/sponsor
Alessandro,Merlo,Alessandro  Merlo,"Managing Director, Head of Infrastructure Debt, UBS Asset Management",,,Private Debt Investor New York Forum 2026,"September 15–16, 2026",New York,,,,sponsor,https://www.peievents.com/en/sponsor
Matias,Sottile,Managing Partner,Ayres Partners,,,Private Debt Investor New York Forum 2026,"September 15–16, 2026",New York,,,,sponsor,https://www.peievents.com/en/sponsor
Seung-ki,Jeong,Head of Team,Kiwoom Asset Management,,,Private Debt Investor New York Forum 2026,"September 15–16, 2026",New York,,,,sponsor,https://www.peievents.com/en/sponsor
Bertrand,Loubières,Head of Infrastructure Finance,AXA IM Alts,,,Private Debt Investor New York Forum 2026,"September 15–16, 2026",New York,,,,sponsor,https://www.peievents.com/en/sponsor
Vivek,Sapra,,Vivek  Sapra,,,Private Debt Investor New York Forum 2026,"September 15–16, 2026",New York,,,,sponsor,https://www.peievents.com/en/sponsor
Gergely,Horvath,Investment Manager,British International Investments,,,Private Debt Investor New York Forum 2026,"September 15–16, 2026",New York,,,,sponsor,https://www.peievents.com/en/sponsor
Rajesh,Hemnani,Investment Manager,British International Investments,,,Private Debt Investor New York Forum 2026,"September 15–16, 2026",New York,,,,sponsor,https://www.peievents.com/en/sponsor
Kuutti,Kilpeläinen,Investment Manager,Finnfund,,,Private Debt Investor New York Forum 2026,"September 15–16, 2026",New York,,,,sponsor,https://www.peievents.com/en/sponsor
Olga,Sclovscaia,Regional Head,"MIGA, World Bank Group",,,Private Debt Investor New York Forum 2026,"September 15–16, 2026",New York,,,,sponsor,https://www.peievents.com/en/sponsor
Thomas,Walenta,,"Senior Investment Officer, Asian Infrastructure Investment Bank AIIB",,,Private Debt Investor New York Forum 2026,"September 15–16, 2026",New York,,,,sponsor,https://www.peievents.com/en/sponsor
Richard,Knight,Managing Director,"Asset Management, Equitix",,,Private Debt Investor New York Forum 2026,"September 15–16, 2026",New York,,,,sponsor,https://www.peievents.com/en/sponsor
Robert-Jan,Bakker,,"Member of Management, Partners Group",,,Private Debt Investor New York Forum 2026,"September 15–16, 2026",New York,,,,sponsor,https://www.peievents.com/en/sponsor
James,Hewitt,Vice President,"Investor Relations, NextEnergy Capital",,,Private Debt Investor New York Forum 2026,"September 15–16, 2026",New York,,,,sponsor,https://www.peievents.com/en/sponsor
Ekow,Yankah,Founder & Management,"Executive Board, RealPort",,,Private Debt Investor New York Forum 2026,"September 15–16, 2026",New York,,,,sponsor,https://www.peievents.com/en/sponsor
Meet,our leading advisory board,,See previous speakers,,,Private Debt Investor New York Forum 2026,"September 15–16, 2026",New York,,,,sponsor,https://www.peievents.com/en/partners
Arisa,Kishigami,,Arisa  Kishigami,,,Private Debt Investor New York Forum 2026,"September 15–16, 2026",New York,,,,sponsor,https://www.peievents.com/en/partners
Michiyo,Morisawa,,"Senior Lead, PRI",,,Private Debt Investor New York Forum 2026,"September 15–16, 2026",New York,,,,sponsor,https://www.peievents.com/en/partners
Hideki,Takada,Director for Strategy Development,Financial Services Agency,,,Private Debt Investor New York Forum 2026,"September 15–16, 2026",New York,,,,sponsor,https://www.peievents.com/en/partners
Minako,Yoneyama,Senior Responsible Investment Manager,"Responsible Investment Ecosystems, PRI",,,Private Debt Investor New York Forum 2026,"September 15–16, 2026",New York,,,,sponsor,https://www.peievents.com/en/partners
Satoshi,Ikeda,Chief Sustainable Finance Officer and Deputy Commissioner for International Affairs,"Financial Services Agency, Government of Japan",,,Private Debt Investor New York Forum 2026,"September 15–16, 2026",New York,,,,sponsor,https://www.peievents.com/en/partners
Mari,Kogiso,Co CEO,SDG Impact Japan,,,Private Debt Investor New York Forum 2026,"September 15–16, 2026",New York,,,,sponsor,https://www.peievents.com/en/partners
Bhargav,Dasgupta,Vice-President,"Market Solutions, Asian Development Bank",,,Private Debt Investor New York Forum 2026,"September 15–16, 2026",New York,,,,sponsor,https://www.peievents.com/en/partners
Helena,Fung,Head of Sustainable Finance and Investment,"Asia Pacific, London Stock Exchange Group",,,Private Debt Investor New York Forum 2026,"September 15–16, 2026",New York,,,,sponsor,https://www.peievents.com/en/partners
Fumihiro,Kajikawa,Director,"GX Finance Promotion Office/Office for Opening the GX Promotion Organization, METI",,,Private Debt Investor New York Forum 2026,"September 15–16, 2026",New York,,,,sponsor,https://www.peievents.com/en/partners
Leong,Wai Leng,Managing Director and Regional Head of Asia Pacific,"CDPQ Global, CDPQ Singapore",,,Private Debt Investor New York Forum 2026,"September 15–16, 2026",New York,,,,sponsor,https://www.peievents.com/en/partners
Margarita,Pirovska,Director of Policy,Read bio,,,Private Debt Investor New York Forum 2026,"September 15–16, 2026",New York,,,,sponsor,https://www.peievents.com/en/partners
Yutaka,Matsuzawa,,Vice-Minister for Global Environmental Affairs,,,Private Debt Investor New York Forum 2026,"September 15–16, 2026",New York,,,,sponsor,https://www.peievents.com/en/partners
Naomi,Davies,TNFD dedicated SVP of Corporate Sustainability Dept.,MS and AD Insurance Group Holdings,,,Private Debt Investor New York Forum 2026,"September 15–16, 2026",New York,,,,sponsor,https://www.peievents.com/en/partners
Makoto,Haraguchi,TNFD dedicated SVP of Corporate Sustainability Dept.,MS and AD Insurance Group Holdings,,,Private Debt Investor New York Forum 2026,"September 15–16, 2026",New York,,,,sponsor,https://www.peievents.com/en/partners
Hirotaka,Hideshima,,Hirotaka  Hideshima,,,Private Debt Investor New York Forum 2026,"September 15–16, 2026",New York,,,,sponsor,https://www.peievents.com/en/partners
Sylvain,Vanston,Executive Director,"Climate Investment Research, MSCI",,,Private Debt Investor New York Forum 2026,"September 15–16, 2026",New York,,,,sponsor,https://www.peievents.com/en/partners
Evonne,Yiu,Manager,EY,,,Private Debt Investor New York Forum 2026,"September 15–16, 2026",New York,,,,sponsor,https://www.peievents.com/en/partners
Khalid,Azizuddin,Chief Investment Strategy Officer,SDG Impact Japan Inc.,,,Private Debt Investor New York Forum 2026,"September 15–16, 2026",New York,,,,sponsor,https://www.peievents.com/en/partners
Sasja,Beslik,Chief Investment Strategy Officer,SDG Impact Japan Inc.,,,Private Debt Investor New York Forum 2026,"September 15–16, 2026",New York,,,,sponsor,https://www.peievents.com/en/partners
Colin,Melvin,Founder and Managing Director,Arkadiko Partners,,,Private Debt Investor New York Forum 2026,"September 15–16, 2026",New York,,,,sponsor,https://www.peievents.com/en/partners
Monica,Nagashima,Director of East Asia,InfluenceMap,,,Private Debt Investor New York Forum 2026,"September 15–16, 2026",New York,,,,sponsor,https://www.peievents.com/en/partners
Ulf,Erlandsson,CEO & Founder,Anthropocene Fixed Income Institute AFII,,,Private Debt Investor New York Forum 2026,"September 15–16, 2026",New York,,,,sponsor,https://www.peievents.com/en/partners
Ryushiro,Kodaira,,"Senior Editorial Writer, Nikkei",,,Private Debt Investor New York Forum 2026,"September 15–16, 2026",New York,,,,sponsor,https://www.peievents.com/en/partners
Kenichi,Konuma,,Kenichi  Konuma,,,Private Debt Investor New York Forum 2026,"September 15–16, 2026",New York,,,,sponsor,https://www.peievents.com/en/partners
Maiko,Morishita,Japan Programme Manager,Climate Bonds Initiative,,,Private Debt Investor New York Forum 2026,"September 15–16, 2026",New York,,,,sponsor,https://www.peievents.com/en/partners
Minoru,Matsubara,Chief Sustainability Officer,"Managing Executive Officer Responsible Division, Resona Asset Management",,,Private Debt Investor New York Forum 2026,"September 15–16, 2026",New York,,,,sponsor,https://www.peievents.com/en/partners
Hideki,Matsuoka,Special Project Manager,Asia-Pacific Human Rights Information Center HURIGHTS OSAKA,,,Private Debt Investor New York Forum 2026,"September 15–16, 2026",New York,,,,sponsor,https://www.peievents.com/en/partners
Ryusuke,Tanaka,,Programme Officer,,,Private Debt Investor New York Forum 2026,"September 15–16, 2026",New York,,,,sponsor,https://www.peievents.com/en/partners
Daiki,Fujino,,Daiki  Fujino,,,Private Debt Investor New York Forum 2026,"September 15–16, 2026",New York,,,,sponsor,https://www.peievents.com/en/partners
Hiroshi,Komori,,Hiroshi  Komori,,,Private Debt Investor New York Forum 2026,"September 15–16, 2026",New York,,,,sponsor,https://www.peievents.com/en/partners
Koichiro,Kuramochi,Chief Accountant,Read bio,,,Private Debt Investor New York Forum 2026,"September 15–16, 2026",New York,,,,sponsor,https://www.peievents.com/en/partners
Chikako,Matsumoto,,"Managing Executive Officer, CSuO, Sumitomo Mitsui Trust Holdings",,,Private Debt Investor New York Forum 2026,"September 15–16, 2026",New York,,,,sponsor,https://www.peievents.com/en/partners
Anjali,Viswamohanan,Director,"Policy, Asia Investor Group on Climate Change",,,Private Debt Investor New York Forum 2026,"September 15–16, 2026",New York,,,,sponsor,https://www.peievents.com/en/partners
Tomohiro,(Tomo) Ishikawa,Chief Regulatory Engagement Officer,Mitsubishi UFJ Financial Group MUFG,,,Private Debt Investor New York Forum 2026,"September 15–16, 2026",New York,,,,sponsor,https://www.peievents.com/en/partners
Chie,Mitsui,,"Senior Researcher, Data Analyst",,,Private Debt Investor New York Forum 2026,"September 15–16, 2026",New York,,,,sponsor,https://www.peievents.com/en/partners
Masaaki,Nagamura,,Fellow International Initiatives,,,Private Debt Investor New York Forum 2026,"September 15–16, 2026",New York,,,,sponsor,https://www.peievents.com/en/partners
Paul-Antoine,Thiebot,Head of Sustainable and Positive Impact Finance,"Asia Pacific, Societe Generale",,,Private Debt Investor New York Forum 2026,"September 15–16, 2026",New York,,,,sponsor,https://www.peievents.com/en/partners
Asako,Nagai,Managing Director,BSR,,,Private Debt Investor New York Forum 2026,"September 15–16, 2026",New York,,,,sponsor,https://www.peievents.com/en/partners
Kiran,Aziz,Head of Responsible Investments,KLP,,,Private Debt Investor New York Forum 2026,"September 15–16, 2026",New York,,,,sponsor,https://www.peievents.com/en/partners
Atsuhito,Mori,Head of Sustainable Investment,"Japan, FTSE Russell",,,Private Debt Investor New York Forum 2026,"September 15–16, 2026",New York,,,,sponsor,https://www.peievents.com/en/partners
Ana,Colazo,,"Investor Engagement Lead, World Benchmarking Alliance",,,Private Debt Investor New York Forum 2026,"September 15–16, 2026",New York,,,,sponsor,https://www.peievents.com/en/partners
Nicholas,Benes,Representative Director,Read bio,,,Private Debt Investor New York Forum 2026,"September 15–16, 2026",New York,,,,sponsor,https://www.peievents.com/en/partners
Amane,Fujimoto,,"Japan Advisor, International Corporate Governance Network ICGN",,,Private Debt Investor New York Forum 2026,"September 15–16, 2026",New York,,,,sponsor,https://www.peievents.com/en/partners
Sakon,Kuramoto,,"Managing Attorney, Kuramoto International Law Office",,,Private Debt Investor New York Forum 2026,"September 15–16, 2026",New York,,,,sponsor,https://www.peievents.com/en/partners
Masatoshi,Matsuzaki,,Board Chair,,,Private Debt Investor New York Forum 2026,"September 15–16, 2026",New York,,,,sponsor,https://www.peievents.com/en/partners
Sofía,Condés,Director of Investor Outreach,FAIRR,,,Private Debt Investor New York Forum 2026,"September 15–16, 2026",New York,,,,sponsor,https://www.peievents.com/en/partners
Mariko,Kawaguchi,,"ESG Advisor, Fuji Oil Holdings",,,Private Debt Investor New York Forum 2026,"September 15–16, 2026",New York,,,,sponsor,https://www.peievents.com/en/partners
Chisa,Ogura,Managing Director,Chisa  Ogura,,,Private Debt Investor New York Forum 2026,"September 15–16, 2026",New York,,,,sponsor,https://www.peievents.com/en/partners
Maho,Uehara Cavalier,Director,Animal Welfare Corporate Partners Japan AWCP,,,Private Debt Investor New York Forum 2026,"September 15–16, 2026",New York,,,,sponsor,https://www.peievents.com/en/partners
Basak,Beleli,Chief Employee Experience Officer,NN Life Insurance Company,,,Private Debt Investor New York Forum 2026,"September 15–16, 2026",New York,,,,sponsor,https://www.peievents.com/en/partners
Tatjana,Gerling,,"Ambassador for Japan, 2XGlobal",,,Private Debt Investor New York Forum 2026,"September 15–16, 2026",New York,,,,sponsor,https://www.peievents.com/en/partners
Tracy,Gopal,CEO,Third Arrow Strategies,,,Private Debt Investor New York Forum 2026,"September 15–16, 2026",New York,,,,sponsor,https://www.peievents.com/en/partners
Makiko,Nakamori,Director,"Chairperson of the Women’s Advancement Committee, ITOCHU Corporation",,,Private Debt Investor New York Forum 2026,"September 15–16, 2026",New York,,,,sponsor,https://www.peievents.com/en/partners
Mari,Kamei,Deputy Director,"Sustainable Finance Office, Financial Services Agency, Government of Japan",,,Private Debt Investor New York Forum 2026,"September 15–16, 2026",New York,,,,sponsor,https://www.peievents.com/en/partners
Yoshinori,Nagano,Managing Director,"Head of Center for Dissemination of Investment and Asset Management, Daiwa Asset Management",,,Private Debt Investor New York Forum 2026,"September 15–16, 2026",New York,,,,sponsor,https://www.peievents.com/en/partners
Yasuyuki,Sugiura,Managing Director of the Institution of the Social System Research,Nikko Research Center,,,Private Debt Investor New York Forum 2026,"September 15–16, 2026",New York,,,,sponsor,https://www.peievents.com/en/partners
Mariko,Suzuki,,"Artist, Founder, CEO, KINYU-JOSHI",,,Private Debt Investor New York Forum 2026,"September 15–16, 2026",New York,,,,sponsor,https://www.peievents.com/en/partners
Yuriko,Gibo,Principal,Read bio,,,Private Debt Investor New York Forum 2026,"September 15–16, 2026",New York,,,,sponsor,https://www.peievents.com/en/partners
Masato,Nakamura,Founding Partner,Read bio,,,Private Debt Investor New York Forum 2026,"September 15–16, 2026",New York,,,,sponsor,https://www.peievents.com/en/partners
Oyin,Oduya,Managing Director,"Impact Measurement & Management Practice Leader, Wellington Management",,,Private Debt Investor New York Forum 2026,"September 15–16, 2026",New York,,,,sponsor,https://www.peievents.com/en/partners
Yuka,Ogasawara,,"Impact Officer/ Deputy Secretary General, Social Innovation and Investment Foundation / Impact Driven Finance Initiative",,,Private Debt Investor New York Forum 2026,"September 15–16, 2026",New York,,,,sponsor,https://www.peievents.com/en/partners
Motoaki,Hayashi,Partner,"Sustainability Center of Excellence, PwC Japan Group",,,Private Debt Investor New York Forum 2026,"September 15–16, 2026",New York,,,,sponsor,https://www.peievents.com/en/partners
Tomosuke,Hirano,General Manager Sustainable Management Office,Sompo Holdings,,,Private Debt Investor New York Forum 2026,"September 15–16, 2026",New York,,,,sponsor,https://www.peievents.com/en/partners
Hirofumi,Watanabe,General Manager,"Regional Sustainability Design Dept., AEONMALL / Leader, Regional Sustainability Desig Community Development, Resilience, Energy Security, AEON",,,Private Debt Investor New York Forum 2026,"September 15–16, 2026",New York,,,,sponsor,https://www.peievents.com/en/partners
Kenji,Watanabe,Vice President,"ESG and Climate Research, MSCI",,,Private Debt Investor New York Forum 2026,"September 15–16, 2026",New York,,,,sponsor,https://www.peievents.com/en/partners
Tomoki,Takahashi,Vice President,"ESG and Climate Research, MSCI",,,Private Debt Investor New York Forum 2026,"September 15–16, 2026",New York,,,,sponsor,https://www.peievents.com/en/partners
Yukie,Shibano,Executive Director,"ESG and Climate Research, MSCI",,,Private Debt Investor New York Forum 2026,"September 15–16, 2026",New York,,,,sponsor,https://www.peievents.com/en/partners
Yutaro,Tanaka,Executive Director,"ESG and Climate Client Coverage, MSCI",,,Private Debt Investor New York Forum 2026,"September 15–16, 2026",New York,,,,sponsor,https://www.peievents.com/en/partners
David,Freiberg,Senior Manager,"Climate Change and Sustainability Services, EY Japan",,,Private Debt Investor New York Forum 2026,"September 15–16, 2026",New York,,,,sponsor,https://www.peievents.com/en/partners
Ken,Shibusawa,Chief Executive Officer,Shibusawa and Company,,,Private Debt Investor New York Forum 2026,"September 15–16, 2026",New York,,,,sponsor,https://www.peievents.com/en/partners
Christian,Wiehenkamp,Founder,Effectual Capital,,,Private Debt Investor New York Forum 2026,"September 15–16, 2026",New York,,,,sponsor,https://www.peievents.com/en/partners
Max,Boucher,Senior Manager,"Research & Engagements, Biodiversity, FAIRR",,,Private Debt Investor New York Forum 2026,"September 15–16, 2026",New York,,,,sponsor,https://www.peievents.com/en/partners
Snorre,Gjerde,Lead Investment Stewardship Manager,Norges Bank Investment Management,,,Private Debt Investor New York Forum 2026,"September 15–16, 2026",New York,,,,sponsor,https://www.peievents.com/en/partners
Eri,Kakuta,Manager,CDP Worldwide-Japan,,,Private Debt Investor New York Forum 2026,"September 15–16, 2026",New York,,,,sponsor,https://www.peievents.com/en/partners
Nozomi,Mizuno Witherspoon,,Senior Specialist - Sustainability & Social Impact,,,Private Debt Investor New York Forum 2026,"September 15–16, 2026",New York,,,,sponsor,https://www.peievents.com/en/partners
Aiko,Kozaki,Director of Investment Department,Japan Network for Public Interest Activities JANPIA,,,Private Debt Investor New York Forum 2026,"September 15–16, 2026",New York,,,,sponsor,https://www.peievents.com/en/partners
Masaki,Kawai,CEO / CEO,Read bio,,,Private Debt Investor New York Forum 2026,"September 15–16, 2026",New York,,,,sponsor,https://www.peievents.com/en/partners
Tetsushi,Hisata,Representative Director,Tetsushi  Hisata,,,Private Debt Investor New York Forum 2026,"September 15–16, 2026",New York,,,,sponsor,https://www.peievents.com/en/partners
Taka,Nakamura,CEO / Founder,Taka  Nakamura,,,Private Debt Investor New York Forum 2026,"September 15–16, 2026",New York,,,,sponsor,https://www.peievents.com/en/partners
Koh,Matsuki,Chief Executive Officer,Proxy Watcher Inc.,,,Private Debt Investor New York Forum 2026,"September 15–16, 2026",New York,,,,sponsor,https://www.peievents.com/en/partners
Brynn,O'Brien,Executive Director,Read bio,,,Private Debt Investor New York Forum 2026,"September 15–16, 2026",New York,,,,sponsor,https://www.peievents.com/en/partners
Will,Oulton,,"Advisor, MUFG Asset Management Sustainable Investment",,,Private Debt Investor New York Forum 2026,"September 15–16, 2026",New York,,,,sponsor,https://www.peievents.com/en/partners
Will,van de Pol,CEO,Market Forces,,,Private Debt Investor New York Forum 2026,"September 15–16, 2026",New York,,,,sponsor,https://www.peievents.com/en/partners
Shinsuke,Kobayashi,Partner,Read bio,,,Private Debt Investor New York Forum 2026,"September 15–16, 2026",New York,,,,sponsor,https://www.peievents.com/en/partners
Asahi,Yamashita,Head of Japan,ClientEarth,,,Private Debt Investor New York Forum 2026,"September 15–16, 2026",New York,,,,sponsor,https://www.peievents.com/en/partners
Kim,Schumacher,Associate Professor in Sustainable Finance and ESG,Kyushu University,,,Private Debt Investor New York Forum 2026,"September 15–16, 2026",New York,,,,sponsor,https://www.peievents.com/en/partners
Sachiko,Ichikawa,Partner Lawyer,Read bio,,,Private Debt Investor New York Forum 2026,"September 15–16, 2026",New York,,,,sponsor,https://www.peievents.com/en/partners
Kana,Kawasaki,Head of Business Development Morningstar Indexes,"Japan and South Korea, Morningstar Japan",,,Private Debt Investor New York Forum 2026,"September 15–16, 2026",New York,,,,sponsor,https://www.peievents.com/en/partners
Takuro,Kimura,Chief Executive Officer,Takuro  Kimura,,,Private Debt Investor New York Forum 2026,"September 15–16, 2026",New York,,,,sponsor,https://www.peievents.com/en/partners
Hanae,Maeda,Managing Director,Read bio,,,Private Debt Investor New York Forum 2026,"September 15–16, 2026",New York,,,,sponsor,https://www.peievents.com/en/partners
Yuriko,Nakao,Associate Professor,Yuriko  Nakao,,,Private Debt Investor New York Forum 2026,"September 15–16, 2026",New York,,,,sponsor,https://www.peievents.com/en/partners
Naho,Nakakubo,Chief ESG Innovation Officer,Read bio,,,Private Debt Investor New York Forum 2026,"September 15–16, 2026",New York,,,,sponsor,https://www.peievents.com/en/partners
Philip,Sugai,Professor of Marketing Graduate School of Business,"Director Value Research Center, Doshisha University",,,Private Debt Investor New York Forum 2026,"September 15–16, 2026",New York,,,,sponsor,https://www.peievents.com/en/partners
Daniel,White,CEO,Read bio,,,Private Debt Investor New York Forum 2026,"September 15–16, 2026",New York,,,,sponsor,https://www.peievents.com/en/partners
Patrick,Buergi,Co-Founder and Managing Director,South Pole Japan,,,Private Debt Investor New York Forum 2026,"September 15–16, 2026",New York,,,,sponsor,https://www.peievents.com/en/partners
Yuriy,Humber,President,Yuri Group,,,Private Debt Investor New York Forum 2026,"September 15–16, 2026",New York,,,,sponsor,https://www.peievents.com/en/partners
Takumi,Matsuo,Head of Carbon Credit Market Office,Tokyo Stock Exchange,,,Private Debt Investor New York Forum 2026,"September 15–16, 2026",New York,,,,sponsor,https://www.peievents.com/en/partners
Ken,Tammoto,Principal Strategist,"Carbon Solutions Development Unit, MOL",,,Private Debt Investor New York Forum 2026,"September 15–16, 2026",New York,,,,sponsor,https://www.peievents.com/en/partners
Masaru,Arai,Head of Nomura Research Center of Sustainability,Nomura Institute of Capital Markets Research,,,Private Debt Investor New York Forum 2026,"September 15–16, 2026",New York,,,,sponsor,https://www.peievents.com/en/partners
Akane,Enatsu,Head of Nomura Research Center of Sustainability,Nomura Institute of Capital Markets Research,,,Private Debt Investor New York Forum 2026,"September 15–16, 2026",New York,,,,sponsor,https://www.peievents.com/en/partners
Yuki,Miyoda,,Project Researcher,,,Private Debt Investor New York Forum 2026,"September 15–16, 2026",New York,,,,sponsor,https://www.peievents.com/en/partners
Emi,Onozuka,CEO,Eminent Group,,,Private Debt Investor New York Forum 2026,"September 15–16, 2026",New York,,,,sponsor,https://www.peievents.com/en/partners
Makoto,Koyazaki,,Audit & Supervisory Borad Member,,,Private Debt Investor New York Forum 2026,"September 15–16, 2026",New York,,,,sponsor,https://www.peievents.com/en/partners
Goro,Kumagai,,Senior Fellow,,,Private Debt Investor New York Forum 2026,"September 15–16, 2026",New York,,,,sponsor,https://www.peievents.com/en/partners
Tomoko,Tsuruno,Director,Institute of Sustainability Management and Assurance （i-SMA）,,,Private Debt Investor New York Forum 2026,"September 15–16, 2026",New York,,,,sponsor,https://www.peievents.com/en/partners
Kenji,Shiomura,Managing Director,"ESG & Stewardship Department, Government Pension Investment Fund GPIF",,,Private Debt Investor New York Forum 2026,"September 15–16, 2026",New York,,,,sponsor,https://www.peievents.com/en/partners
Sherry,Madera,Chief Executive Officer,CDP,,,Private Debt Investor New York Forum 2026,"September 15–16, 2026",New York,,,,sponsor,https://www.peievents.com/en/partners
Ryusuke,Bushimata,Director,"Research Division & Legal Office, International Bureau",,,Private Debt Investor New York Forum 2026,"September 15–16, 2026",New York,,,,sponsor,https://www.peievents.com/en/partners
Kenji,Fujii,,"Japan Chapter Lead, Glasgow Financial Alliance for Net Zero GFANZ",,,Private Debt Investor New York Forum 2026,"September 15–16, 2026",New York,,,,sponsor,https://www.peievents.com/en/partners
Hiroshi,Fujikawa,,"Senior Executive Officer of CSV Strategy, Chief Sustainability Officer, Kirin Holdings",,,Private Debt Investor New York Forum 2026,"September 15–16, 2026",New York,,,,sponsor,https://www.peievents.com/en/partners
Alexander,Pui,,"Adjunct Fellow, University of New South Wales",,,Private Debt Investor New York Forum 2026,"September 15–16, 2026",New York,,,,sponsor,https://www.peievents.com/en/partners
Yukari,Takamura,Professor,"Institute for Future Initiatives, The University of Tokyo",,,Private Debt Investor New York Forum 2026,"September 15–16, 2026",New York,,,,sponsor,https://www.peievents.com/en/partners
Kae,Takase,Senior Coordinator,Renewable Energy Institute,,,Private Debt Investor New York Forum 2026,"September 15–16, 2026",New York,,,,sponsor,https://www.peievents.com/en/partners
Yasunari,Iwatate,Director,"Managing Executive Officer, Higo Bank / Chairman, Higo Bank Corporate Pension Fund",,,Private Debt Investor New York Forum 2026,"September 15–16, 2026",New York,,,,sponsor,https://www.peievents.com/en/partners
Takeshi,Kimura,,Special Adviser to the Board,,,Private Debt Investor New York Forum 2026,"September 15–16, 2026",New York,,,,sponsor,https://www.peievents.com/en/partners
Yoko,Monoe,,"CMA, Senior Consultant Sustainable Investment WEALTH",,,Private Debt Investor New York Forum 2026,"September 15–16, 2026",New York,,,,sponsor,https://www.peievents.com/en/partners
Hiroyuki,Nomura,,"Operating Officer, Senior General Manager, Investment Planning Department, JAPAN POST INSURANCE",,,Private Debt Investor New York Forum 2026,"September 15–16, 2026",New York,,,,sponsor,https://www.peievents.com/en/partners
Yushi,Nagano,Head of JICA DXLab,Japan International Cooperation Agency JICA,,,Private Debt Investor New York Forum 2026,"September 15–16, 2026",New York,,,,sponsor,https://www.peievents.com/en/partners
Robert,Abballe,Director of Equity Strategy Research,FLP Atrato Consulting,,,Private Debt Investor New York Forum 2026,"September 15–16, 2026",New York,,,,committee,https://www.peievents.com/en/advisory-board
Paul,A. Argenti,Professor of Corporate Communication,The Tuck School of Business at Dartmouth,,,Private Debt Investor New York Forum 2026,"September 15–16, 2026",New York,,,,committee,https://www.peievents.com/en/advisory-board
Mary,Armstrong,Global Head of Marketing & Corporate Affairs,General Atlantic,,,Private Debt Investor New York Forum 2026,"September 15–16, 2026",New York,,,,committee,https://www.peievents.com/en/advisory-board
Michaela,Balderston,Chief Communications Officer,Lead Edge Capital,,,Private Debt Investor New York Forum 2026,"September 15–16, 2026",New York,,,,committee,https://www.peievents.com/en/advisory-board
Charles,Bauer,Partner - Head of Investor Relations,EnCap Investments L.P.,,,Private Debt Investor New York Forum 2026,"September 15–16, 2026",New York,,,,committee,https://www.peievents.com/en/advisory-board
Robert,Caporale,President,"Strategic & Digital Solutions, Gen II",,,Private Debt Investor New York Forum 2026,"September 15–16, 2026",New York,,,,committee,https://www.peievents.com/en/advisory-board
Richard,Carpenter,Chief Executive Officer,Bladonmore,,,Private Debt Investor New York Forum 2026,"September 15–16, 2026",New York,,,,committee,https://www.peievents.com/en/advisory-board
Annie,Caucci,Director of Marketing,NewSpring Capital,,,Private Debt Investor New York Forum 2026,"September 15–16, 2026",New York,,,,committee,https://www.peievents.com/en/advisory-board
Catherine,Chen,Director,"IR, FFL Partners",,,Private Debt Investor New York Forum 2026,"September 15–16, 2026",New York,,,,committee,https://www.peievents.com/en/advisory-board
Shavonne,Johnson Correia,Head of Investor Relations and Marketing,KPS Capital Partners,,,Private Debt Investor New York Forum 2026,"September 15–16, 2026",New York,,,,committee,https://www.peievents.com/en/advisory-board
Cian,Cotter,Managing Director - Investor Relations,Insight Partners,,,Private Debt Investor New York Forum 2026,"September 15–16, 2026",New York,,,,committee,https://www.peievents.com/en/advisory-board
Sean,Cumiskey,Head of Investor Relations,Omega Funds,,,Private Debt Investor New York Forum 2026,"September 15–16, 2026",New York,,,,committee,https://www.peievents.com/en/advisory-board
Smita,Dak-Shah,Principal,"Private Equity, Sagard",,,Private Debt Investor New York Forum 2026,"September 15–16, 2026",New York,,,,committee,https://www.peievents.com/en/advisory-board
Jenny,Delaney,Head of Investor Relations for Equity Private Markets and GP/LP Solutions,BlackRock,,,Private Debt Investor New York Forum 2026,"September 15–16, 2026",New York,,,,committee,https://www.peievents.com/en/advisory-board
Lindsay,DeLarme,Managing Director and Head of Marketing & Communications,"Oaktree Capital Management, L.P.",,,Private Debt Investor New York Forum 2026,"September 15–16, 2026",New York,,,,committee,https://www.peievents.com/en/advisory-board
Kristy,DelMuto,Vice President,"Marketing, Mainsail Partners",,,Private Debt Investor New York Forum 2026,"September 15–16, 2026",New York,,,,committee,https://www.peievents.com/en/advisory-board
Michelle,Daubar,Partner,"Investor Relations & Capital Formation, Oak HC/FT",,,Private Debt Investor New York Forum 2026,"September 15–16, 2026",New York,,,,committee,https://www.peievents.com/en/advisory-board
Rebecca,Ellice-Flint,Principal,"Investor Relations, Arcus Infrastructure Partners",,,Private Debt Investor New York Forum 2026,"September 15–16, 2026",New York,,,,committee,https://www.peievents.com/en/advisory-board
Ray,Grant,VP,"Strategic Initiatives, Altvia",,,Private Debt Investor New York Forum 2026,"September 15–16, 2026",New York,,,,committee,https://www.peievents.com/en/advisory-board
Amy,Harsch,Partner,"Head of Capital Formation and Investor Relations, BayPine",,,Private Debt Investor New York Forum 2026,"September 15–16, 2026",New York,,,,committee,https://www.peievents.com/en/advisory-board
Mac,Hofeditz,Managing Director and Head of Marketing and Investor Relations,Vector Capital,,,Private Debt Investor New York Forum 2026,"September 15–16, 2026",New York,,,,committee,https://www.peievents.com/en/advisory-board
Aarti,Iyer,Senior Vice President,"Communications and Marketing, Fengate Asset Management",,,Private Debt Investor New York Forum 2026,"September 15–16, 2026",New York,,,,committee,https://www.peievents.com/en/advisory-board
Ashley,Johansen,Managing Director and Head of Investor Relations,Monomoy Capital Partners,,,Private Debt Investor New York Forum 2026,"September 15–16, 2026",New York,,,,committee,https://www.peievents.com/en/advisory-board
Angela,Johnson,Managing Principal and Head of Global Client Solutions and Strategic Partnerships,Noble Investment Group,,,Private Debt Investor New York Forum 2026,"September 15–16, 2026",New York,,,,committee,https://www.peievents.com/en/advisory-board
Ruth,Lane,Head of Investor Relations,Sterling Investment Partners,,,Private Debt Investor New York Forum 2026,"September 15–16, 2026",New York,,,,committee,https://www.peievents.com/en/advisory-board
Stacey,Monteiro Leanos,Partner - Fundraising & Investor Relations,Glynn Capital,,,Private Debt Investor New York Forum 2026,"September 15–16, 2026",New York,,,,committee,https://www.peievents.com/en/advisory-board
Debbie,Liao,Partner – IR,Battery Ventures,,,Private Debt Investor New York Forum 2026,"September 15–16, 2026",New York,,,,committee,https://www.peievents.com/en/advisory-board
David,Lippin,Managing Director & Head of Investor Relations,One Equity Partners,,,Private Debt Investor New York Forum 2026,"September 15–16, 2026",New York,,,,committee,https://www.peievents.com/en/advisory-board
Ashley,Nahmias,Director of Investor Relations,Excelsior Energy Capital,,,Private Debt Investor New York Forum 2026,"September 15–16, 2026",New York,,,,committee,https://www.peievents.com/en/advisory-board
Ken,MacFadyen,Vice President,"Marketing & Communications, Audax",,,Private Debt Investor New York Forum 2026,"September 15–16, 2026",New York,,,,committee,https://www.peievents.com/en/advisory-board
Kyle,Mc Garvey,Head of Investor Relations,ITE Management L.P.,,,Private Debt Investor New York Forum 2026,"September 15–16, 2026",New York,,,,committee,https://www.peievents.com/en/advisory-board
Natalya,Michaels,Head of Investor Relations,Paine Schwartz Partners,,,Private Debt Investor New York Forum 2026,"September 15–16, 2026",New York,,,,committee,https://www.peievents.com/en/advisory-board
Kathryn,Pothier,Partner,Epiris,,,Private Debt Investor New York Forum 2026,"September 15–16, 2026",New York,,,,committee,https://www.peievents.com/en/advisory-board
Caroline,Redmond,Managing Director,"Head of Investor Relations, CIFC Asset Management",,,Private Debt Investor New York Forum 2026,"September 15–16, 2026",New York,,,,committee,https://www.peievents.com/en/advisory-board
Jordan,Robinson,Head of Strategic Relationships,Prospect Capital,,,Private Debt Investor New York Forum 2026,"September 15–16, 2026",New York,,,,committee,https://www.peievents.com/en/advisory-board
Anne-Sophie,Roy,Senior Vice President,"Investor Relations, Axium Infrastructure",,,Private Debt Investor New York Forum 2026,"September 15–16, 2026",New York,,,,committee,https://www.peievents.com/en/advisory-board
Samantha,Rubin,Vice President – Investor Relations,Tiger Infrastructure Partners,,,Private Debt Investor New York Forum 2026,"September 15–16, 2026",New York,,,,committee,https://www.peievents.com/en/advisory-board
Miriam,Sanders,Director,"Investor Relations, Sands Capital",,,Private Debt Investor New York Forum 2026,"September 15–16, 2026",New York,,,,committee,https://www.peievents.com/en/advisory-board
Antonia,Schwartz,Managing Director,"Head of Investor Relations, Lotus Infrastructure Partners",,,Private Debt Investor New York Forum 2026,"September 15–16, 2026",New York,,,,committee,https://www.peievents.com/en/advisory-board
Jake,Siewert,Head of Global Public Policy and Political Risk,Warburg Pincus,,,Private Debt Investor New York Forum 2026,"September 15–16, 2026",New York,,,,committee,https://www.peievents.com/en/advisory-board
Hadi,Tabbaa,Managing Director,Foresite Capital,,,Private Debt Investor New York Forum 2026,"September 15–16, 2026",New York,,,,committee,https://www.peievents.com/en/advisory-board
Chris,Tamms,Network Director,"Peer-to-Peer Memberships, PEI Group",,,Private Debt Investor New York Forum 2026,"September 15–16, 2026",New York,,,,committee,https://www.peievents.com/en/advisory-board
Iris,Tomczyk,Principal,DigitalBridge,,,Private Debt Investor New York Forum 2026,"September 15–16, 2026",New York,,,,committee,https://www.peievents.com/en/advisory-board
Sarah,Tomolonius,Partner,"Head of Investor Relations, M13",,,Private Debt Investor New York Forum 2026,"September 15–16, 2026",New York,,,,committee,https://www.peievents.com/en/advisory-board
Gabe,Torres,Vice President and the Head of Investor Relations,Grey Rock Investment Partners,,,Private Debt Investor New York Forum 2026,"September 15–16, 2026",New York,,,,committee,https://www.peievents.com/en/advisory-board
Mike,Weinberg,Managing Partner,LLCP,,,Private Debt Investor New York Forum 2026,"September 15–16, 2026",New York,,,,committee,https://www.peievents.com/en/advisory-board
Andrea,Wenner,Andrea  Wenner,"Managing Director of Investor Relations and Strategic Partnerships, MSquared",,,Private Debt Investor New York Forum 2026,"September 15–16, 2026",New York,,,,committee,https://www.peievents.com/en/advisory-board
Lauren,Young,IR Associate,"LIGO Family Office Partners, and Founder of Living Waters",,,Private Debt Investor New York Forum 2026,"September 15–16, 2026",New York,,,,committee,https://www.peievents.com/en/advisory-board
Cherry,Zhi,Principal,"Investor Relations, Paine Schwartz Partners",,,Private Debt Investor New York Forum 2026,"September 15–16, 2026",New York,,,,committee,https://www.peievents.com/en/advisory-board
Jennifer,Zhu,Managing Director,"Investor Relations, Incline Equity Partners",,,Private Debt Investor New York Forum 2026,"September 15–16, 2026",New York,,,,committee,https://www.peievents.com/en/advisory-board
Karen,Bommart,Partner,"Head of IR, Battery Ventures",,,Private Debt Investor New York Forum 2026,"September 15–16, 2026",New York,,,,committee,https://www.peievents.com/en/advisory-board
Scott,Brown,Partner,"Head of Platform, Cervin Ventures",,,Private Debt Investor New York Forum 2026,"September 15–16, 2026",New York,,,,committee,https://www.peievents.com/en/advisory-board
Rafael,Canton,,"Reporter, PE Hub",,,Private Debt Investor New York Forum 2026,"September 15–16, 2026",New York,,,,committee,https://www.peievents.com/en/advisory-board
Jen,Fukui Castells,Founder & Communication Expert,Gravitas Partners,,,Private Debt Investor New York Forum 2026,"September 15–16, 2026",New York,,,,committee,https://www.peievents.com/en/advisory-board
Signe,C.W. Conway,Managing Director,The Wallace Foundation,,,Private Debt Investor New York Forum 2026,"September 15–16, 2026",New York,,,,committee,https://www.peievents.com/en/advisory-board
Scott,Couto,President,Star Mountain Capital,,,Private Debt Investor New York Forum 2026,"September 15–16, 2026",New York,,,,committee,https://www.peievents.com/en/advisory-board
Rebecca,Darcy,Managing Director,InvestorFlow,,,Private Debt Investor New York Forum 2026,"September 15–16, 2026",New York,,,,committee,https://www.peievents.com/en/advisory-board
Farrell,Denby,,"Corporate Communications, Oaktree Capital Management, L.P.",,,Private Debt Investor New York Forum 2026,"September 15–16, 2026",New York,,,,committee,https://www.peievents.com/en/advisory-board
Mary,Kathleen (MK) Flynn,Editor-in-Chief,PE Hub,,,Private Debt Investor New York Forum 2026,"September 15–16, 2026",New York,,,,committee,https://www.peievents.com/en/advisory-board
Lauren,Gambardella,Head of Talent,Arsenal Capital,,,Private Debt Investor New York Forum 2026,"September 15–16, 2026",New York,,,,committee,https://www.peievents.com/en/advisory-board
Dan,Gunner,Director of Research and Analytics,PEI Group,,,Private Debt Investor New York Forum 2026,"September 15–16, 2026",New York,,,,committee,https://www.peievents.com/en/advisory-board
Cynthia,Haidar,Director,"Investments, Doris Duke Foundation",,,Private Debt Investor New York Forum 2026,"September 15–16, 2026",New York,,,,committee,https://www.peievents.com/en/advisory-board
Michael,Hong,Partner,Davis Polk,,,Private Debt Investor New York Forum 2026,"September 15–16, 2026",New York,,,,committee,https://www.peievents.com/en/advisory-board
Lauren,Hubbert,Senior VP,Brookfield Asset Management,,,Private Debt Investor New York Forum 2026,"September 15–16, 2026",New York,,,,committee,https://www.peievents.com/en/advisory-board
Katie,Hulgrave,Principal,Platinum Equity,,,Private Debt Investor New York Forum 2026,"September 15–16, 2026",New York,,,,committee,https://www.peievents.com/en/advisory-board
Christopher,Kelly,Sales Director SIPA,"North America, SIPA, Part of PEI",,,Private Debt Investor New York Forum 2026,"September 15–16, 2026",New York,,,,committee,https://www.peievents.com/en/advisory-board
Matt,Krugman,Managing Director,Prospect Capital Management,,,Private Debt Investor New York Forum 2026,"September 15–16, 2026",New York,,,,committee,https://www.peievents.com/en/advisory-board
Shelley,Capito Macleod,Vice President,"Marketing, Catalio Capital Management",,,Private Debt Investor New York Forum 2026,"September 15–16, 2026",New York,,,,committee,https://www.peievents.com/en/advisory-board
Harmony,Marques,Investor Relations and Capital Formation Manager,TZP Group,,,Private Debt Investor New York Forum 2026,"September 15–16, 2026",New York,,,,committee,https://www.peievents.com/en/advisory-board
Ben,Mazza,Head of Digital Solutions,Gen II,,,Private Debt Investor New York Forum 2026,"September 15–16, 2026",New York,,,,committee,https://www.peievents.com/en/advisory-board
Kate,McGann,Principal,"Corporate Communications & PR, Hamilton Lane",,,Private Debt Investor New York Forum 2026,"September 15–16, 2026",New York,,,,committee,https://www.peievents.com/en/advisory-board
Bridget,Michalowski,Investor Relations Manager,Clean Energy Ventures,,,Private Debt Investor New York Forum 2026,"September 15–16, 2026",New York,,,,committee,https://www.peievents.com/en/advisory-board
Oliver,Norton,Head of Americas,Atominvest,,,Private Debt Investor New York Forum 2026,"September 15–16, 2026",New York,,,,committee,https://www.peievents.com/en/advisory-board
Brad,Pietras,Partner,"Chief Financial Officer and Head of Operations, 154 Partners",,,Private Debt Investor New York Forum 2026,"September 15–16, 2026",New York,,,,committee,https://www.peievents.com/en/advisory-board
Lindsey,Press,Global Head of Investor Relations,HGGC,,,Private Debt Investor New York Forum 2026,"September 15–16, 2026",New York,,,,committee,https://www.peievents.com/en/advisory-board
Ellinor,Schrewelius,Principal,"Investor Relations, Verdane",,,Private Debt Investor New York Forum 2026,"September 15–16, 2026",New York,,,,committee,https://www.peievents.com/en/advisory-board
Yokasta,Segura-Baez,Managing Director,"Investor Relations, ArcLight Capital Partners",,,Private Debt Investor New York Forum 2026,"September 15–16, 2026",New York,,,,committee,https://www.peievents.com/en/advisory-board
Leslie,Shribman,Head of Communications,Advent International,,,Private Debt Investor New York Forum 2026,"September 15–16, 2026",New York,,,,committee,https://www.peievents.com/en/advisory-board
Nikki,Stokes,Head of Partnerships,Otro Capital,,,Private Debt Investor New York Forum 2026,"September 15–16, 2026",New York,,,,committee,https://www.peievents.com/en/advisory-board
Junaid,Subhan,Vice-President,"Legal Affairs & Chief Compliance Officer, Sagard",,,Private Debt Investor New York Forum 2026,"September 15–16, 2026",New York,,,,committee,https://www.peievents.com/en/advisory-board
Katie,Twomey,Senior Vice President of Finance & Operations,Illumen Capital,,,Private Debt Investor New York Forum 2026,"September 15–16, 2026",New York,,,,committee,https://www.peievents.com/en/advisory-board
Bhavika,Vyas,Managing Director,Stepstone Group,,,Private Debt Investor New York Forum 2026,"September 15–16, 2026",New York,,,,committee,https://www.peievents.com/en/advisory-board
Caitlin,Brodie,Managing Director,Carlyle,,,Private Debt Investor New York Forum 2026,"September 15–16, 2026",New York,,,,committee,https://www.peievents.com/en/advisory-board
Jennifer,Delaney,Head of Investor Relations for Equity Private Markets,BlackRock,,,Private Debt Investor New York Forum 2026,"September 15–16, 2026",New York,,,,committee,https://www.peievents.com/en/advisory-board
Susan,Stella,Head of Investor Relations and Impact,Activate Capital,,,Private Debt Investor New York Forum 2026,"September 15–16, 2026",New York,,,,committee,https://www.peievents.com/en/advisory-board
Elizabeth,Yates,Senior Director,"Investor Relations and Head of Americas, Thoma Bravo",,,Private Debt Investor New York Forum 2026,"September 15–16, 2026",New York,,,,committee,https://www.peievents.com/en/advisory-board
Pricing,& Registration,Hedge Fund Managers,Allocators & Senior Operational Leaders,,,Hedgeweek US Summit 2026,September 2026 (TBC),New York,,,,speaker,https://events.hedgeweek.com/us-summit
Swiss,Digital Bank,where he was CIO and Chief Commercial Officer. Prior to this,he had been CIO of Al Mal Capital (Dubai Investments),,,Hedgeweek US Summit 2026,September 2026 (TBC),New York,,,,speaker,https://events.hedgeweek.com/us-summit/speakers
Seven,Canyons Advisors,as an Equity Research Analyst for Wasatch Global Investors,as a Principal for a Global Macro Hedge Fund and as an analyst for JPMorgan Chase,,,Hedgeweek US Summit 2026,September 2026 (TBC),New York,,,,speaker,https://events.hedgeweek.com/us-summit/speakers
Book,Partners,he founded and was Portfolio Manager/Managing Member of Conatus Capital,a multi-billion-dollar global long/short equity fund manager. David was a Partner,,,Hedgeweek US Summit 2026,September 2026 (TBC),New York,,,,speaker,https://events.hedgeweek.com/us-summit/speakers
Lone,Pine Capital,an associate at McKinsey & Company and served as Trustee and Chair of the Investm,,,,Hedgeweek US Summit 2026,September 2026 (TBC),New York,,,,speaker,https://events.hedgeweek.com/us-summit/speakers
Blackstone,Strycker View Capital,a financial sector hedge fund,and began his career with Blackstone Strategic Capital Group focused on seed and,,,Hedgeweek US Summit 2026,September 2026 (TBC),New York,,,,speaker,https://events.hedgeweek.com/us-summit/speakers
Chief,Investment Officer,the Chief Executive Officer and Head of J.P. Morgan Alternative Asset Management.,,,,Hedgeweek US Summit 2026,September 2026 (TBC),New York,,,,speaker,https://events.hedgeweek.com/us-summit/speakers
